speaker_id,n_seg,n_sess,hours,words,wer_A,wer_B,gain_rel,test_min,test_words,test_sess
427,135.0,49.0,7.065530555555555,41298.0,0.25308731657707395,0.10087655576541237,0.601415996938385,35.564166666666665,3486.0,4.0
445,561.0,197.0,17.417355555555556,112424.0,0.19021739130434784,0.09384117270333736,0.5066635492167407,44.400166666666664,5478.0,1.0
448,105.0,51.0,4.985338888888888,26503.0,0.8023242651775271,0.1476813945591065,0.8159330323551544,40.82133333333333,3658.0,10.0
461,113.0,23.0,3.9942555555555557,25277.0,0.19167622740040352,0.08826205641492266,0.5395252837977296,43.805166666666665,4530.0,2.0
462,121.0,22.0,4.120019444444444,22234.0,0.1826931726185122,0.0947197985067914,0.48153618906942397,39.5915,3648.0,2.0
467,135.0,45.0,5.24755,30879.0,0.1907445189287218,0.08604553256258299,0.5488964346349745,36.771499999999996,3205.0,4.0
468,447.0,82.0,17.152691666666666,109800.0,0.22963570127504554,0.10146630236794171,0.5581423018957722,36.6435,3545.0,7.0
469,262.0,98.0,13.472541666666666,88468.0,0.13392413075914456,0.07063571008726319,0.47256920999324786,41.6825,4323.0,6.0
470,107.0,28.0,4.619194444444444,29405.0,0.20629144703281754,0.10868899846964802,0.47312891526541373,25.515666666666668,2594.0,4.0
476,1797.0,297.0,38.196583333333336,227965.0,0.2824688000350931,0.134235518610313,0.5247775379311416,44.79116666666666,3299.0,3.0
477,383.0,72.0,12.168505555555555,73021.0,0.15109352104189205,0.07314334232618014,0.5159068249796066,44.20483333333333,4741.0,4.0
478,360.0,99.0,11.976769444444443,101061.0,0.27429968039105096,0.13426544364294832,0.5105154936690596,39.66216666666666,5675.0,6.0
479,104.0,31.0,4.102316666666667,28110.0,0.20519388118107434,0.10053361792956243,0.5100554785020804,39.013999999999996,4096.0,6.0
483,191.0,84.0,7.365894444444445,47062.0,0.21809527856869662,0.10367175215672943,0.5246492595479345,44.56066666666666,5223.0,7.0
488,440.0,170.0,8.270269444444445,48379.0,0.2912007275884165,0.14006077016887492,0.519023282226008,44.83449999999999,4093.0,19.0
490,633.0,190.0,18.875144444444445,115338.0,0.2418370354956736,0.1167785118521216,0.5171189904277058,44.416999999999994,4526.0,6.0
494,209.0,38.0,5.957886111111111,47537.0,0.3216862654353451,0.15442707785514442,0.5199450693172901,43.67183333333333,5149.0,6.0
495,94.0,48.0,3.8456638888888888,25485.0,0.2846380223660977,0.15224641946242887,0.4651226909291426,42.93333333333333,4863.0,10.0
498,284.0,62.0,10.886944444444444,59240.0,0.2021944632005402,0.08634368669817691,0.572967106361663,42.537000000000006,3888.0,5.0
503,444.0,203.0,18.456086111111112,126332.0,0.2138333913814394,0.0994601526137479,0.5348708077293256,44.215333333333334,5068.0,10.0
504,367.0,149.0,14.621161111111109,99958.0,0.15859661057644212,0.06971928209848136,0.560398662713682,43.36299999999999,4807.0,7.0
511,129.0,59.0,4.270422222222223,29561.0,0.14999492574676093,0.0670139711105849,0.5532250789354984,43.407666666666664,5049.0,11.0
521,173.0,66.0,6.556497222222222,40314.0,0.20697524433199385,0.09827851366770848,0.5251677852348994,38.90333333333333,3943.0,4.0
526,844.0,209.0,24.189091666666666,169773.0,0.19811159607240256,0.0978600837589016,0.5060355592555152,33.11566666666667,3325.0,9.0
528,588.0,162.0,17.542772222222222,110073.0,0.3514849236415833,0.15955774803993714,0.5460466799348652,39.832333333333324,3939.0,10.0
532,1484.0,431.0,36.00161111111111,211693.0,0.2966985209714067,0.12056610279980916,0.5936410387046441,43.65783333333333,4393.0,8.0
540,331.0,123.0,13.874352777777776,78224.0,0.21060032726528943,0.10108150951114747,0.5200315648901299,44.61216666666667,3559.0,7.0
549,212.0,89.0,6.342866666666667,42534.0,0.283702449804862,0.1285794893496967,0.5467804756774675,36.93866666666666,4134.0,10.0
556,460.0,118.0,14.404091666666668,88850.0,0.24091164884637029,0.10850872256612268,0.5495912170053726,30.15449999999999,2993.0,4.0
557,233.0,91.0,10.858858333333334,68791.0,0.18147722812577227,0.08409530316465817,0.5366068567766741,41.672333333333334,4123.0,4.0
560,1210.0,460.0,34.10395,175796.0,0.22647272975494323,0.09930260074176887,0.561525129982669,38.544333333333334,3433.0,10.0
563,408.0,125.0,17.387969444444444,112918.0,0.3012097274128128,0.10669689509201367,0.6457720804421968,40.693333333333335,4399.0,5.0
580,684.0,211.0,18.76838055555556,130353.0,0.37242717850759094,0.12994714352565725,0.6510803963169712,42.10449999999999,4668.0,9.0
713,414.0,119.0,15.182527777777779,93634.0,0.20009825490740543,0.09030907576307752,0.5486763450042699,40.992000000000004,4457.0,6.0
949,83.0,37.0,5.949266666666665,33318.0,0.16780719130800167,0.07875622786481781,0.5306742979788946,37.729,3590.0,5.0
965,393.0,95.0,19.355180555555553,100513.0,0.17317162954045745,0.05945499587118084,0.6566701137538781,24.014833333333332,1912.0,2.0
1025,203.0,72.0,8.735447222222222,50273.0,0.2084021244007718,0.11831400552980725,0.4322802328910948,40.712500000000006,3978.0,9.0
1027,407.0,90.0,16.395469444444444,96208.0,0.16992349908531515,0.08444204224180941,0.5030584781012968,41.80766666666667,3868.0,6.0
1030,241.0,82.0,6.761908333333333,39351.0,0.25356407715178775,0.14205483977535513,0.43976748847464425,42.0005,4190.0,9.0
1034,154.0,32.0,4.550572222222222,29899.0,0.21251546874477406,0.10746178801966622,0.49433427762039656,28.143666666666668,3511.0,2.0
1037,836.0,155.0,35.35353333333333,225958.0,0.15114755839580807,0.0788111064888165,0.4785816765730682,41.92883333333333,4341.0,2.0
1044,245.0,123.0,15.155761111111108,97846.0,0.17574555934836375,0.06994665085951393,0.6020004652244708,29.30833333333333,2735.0,2.0
1055,268.0,128.0,10.220386111111111,62274.0,0.13898256094036035,0.06050679256190385,0.5646447140381282,42.50566666666666,4408.0,9.0
1056,463.0,215.0,17.04373055555556,109350.0,0.23486968449931414,0.11158664837677183,0.524899739127049,42.27383333333334,4418.0,3.0
1057,700.0,300.0,23.920483333333333,177614.0,0.20353688335378967,0.09735156012476494,0.5217006445188238,44.46716666666667,4883.0,11.0
1061,532.0,216.0,19.899238888888892,100365.0,0.20760225178099936,0.09585014696358292,0.5382990977154924,41.68299999999999,3295.0,10.0
1065,269.0,64.0,8.53558888888889,51595.0,0.21360596957069483,0.1112704719449559,0.4790853824516832,41.93516666666666,4106.0,5.0
1068,177.0,61.0,7.0600499999999995,43688.0,0.2382576451199414,0.14427302691814686,0.3944663272168316,44.64983333333333,4462.0,8.0
2178,148.0,36.0,7.209552777777779,37118.0,0.20157336063365483,0.08025755698044075,0.6018444266238974,41.288666666666664,3105.0,8.0
2291,204.0,45.0,7.443991666666666,55086.0,0.22700867734088517,0.11681734015902408,0.485405837664934,38.785,4622.0,7.0
2411,256.0,91.0,7.192991666666667,49807.0,0.2206717931214488,0.10311803561748349,0.5327085797470658,43.799166666666665,5187.0,10.0
3261,134.0,48.0,6.054086111111112,33510.0,0.20322291853178157,0.0835571471202626,0.5888399412628488,56.475500000000004,5337.0,1.0
4295,167.0,79.0,9.019308333333333,51278.0,0.16459300284722492,0.09717617691797652,0.40959715639810423,39.034333333333336,3687.0,7.0
4297,191.0,99.0,6.969625000000001,41611.0,0.248564081613035,0.10201629376847468,0.5895774920235908,36.90533333333333,3607.0,9.0
4355,445.0,136.0,12.80133611111111,84085.0,0.17617886662306,0.09419040256882916,0.4653705953827461,39.719833333333334,4419.0,13.0
4395,93.0,32.0,4.644780555555555,26363.0,0.19967378522929863,0.09399537230209006,0.5292553191489361,43.593,3968.0,7.0
4397,518.0,107.0,18.294119444444448,135889.0,0.20514537600541619,0.09938994326251573,0.5155145819134054,37.092333333333336,4394.0,7.0
4400,128.0,56.0,4.713519444444445,33268.0,0.20560298184441506,0.10866297943970181,0.47149122807017546,39.17783333333333,4503.0,10.0
4405,264.0,136.0,15.0586,94065.0,0.15035347897730292,0.06766597565513209,0.549954040868274,41.499,4221.0,7.0
4407,112.0,52.0,5.2723611111111115,34147.0,0.21609511816557825,0.1119278413916303,0.4820436373492344,36.725,3592.0,5.0
4413,368.0,85.0,13.174700000000001,85283.0,0.25214872835148855,0.11814781374951631,0.5314360119047619,41.51983333333333,4467.0,3.0
4416,1610.0,488.0,64.991725,409983.0,0.13270794154879592,0.06058056065739311,0.543504631671813,44.43449999999999,4887.0,5.0
4417,153.0,27.0,5.021125,38025.0,0.1850887573964497,0.09638395792241947,0.4792554703040636,43.59616666666667,5156.0,7.0
4419,224.0,117.0,8.160213888888888,54785.0,0.2481883727297618,0.13355845578169206,0.46186658821798926,43.79899999999999,5079.0,7.0
6076,150.0,64.0,3.7801194444444444,25231.0,0.21556815029130832,0.09456620823590028,0.5613164184592756,44.163666666666664,4791.0,5.0
7736,90.0,43.0,3.250419444444444,23065.0,0.1794927379145892,0.09646650769564274,0.46256038647342995,33.42066666666666,4076.0,11.0
9315,268.0,104.0,10.202749999999998,64850.0,0.27526599845797994,0.14606013878180416,0.46938546860119884,44.887499999999996,4940.0,13.0
9615,304.0,126.0,8.918202777777777,65144.0,0.18532788898440378,0.09871975930246837,0.4673237803362876,40.49000000000001,4818.0,11.0
11835,687.0,311.0,26.031069444444444,198379.0,0.31508375382474957,0.1924951733802469,0.38906664960163817,38.68666666666666,4786.0,5.0
12936,272.0,123.0,8.607563888888889,49051.0,0.2139609793887994,0.1367556216998634,0.36083849452120054,44.01816666666667,3882.0,7.0
12937,858.0,207.0,21.986833333333333,142493.0,0.16772753749306984,0.08257247724449622,0.5076987447698745,37.03783333333333,4152.0,4.0
12938,525.0,271.0,16.10857222222222,93451.0,0.25982600507217685,0.11266867128227627,0.5663687657015775,44.87949999999999,3877.0,3.0
12942,349.0,144.0,12.793272222222221,90504.0,0.19455493679837355,0.09243790329709184,0.5248750567923671,40.68733333333333,5000.0,6.0
12945,537.0,346.0,16.54976111111111,99885.0,0.26005906792811734,0.12589477899584522,0.5158992916538343,43.305666666666674,4483.0,29.0
12947,528.0,189.0,21.95018888888889,145489.0,0.1435366247620095,0.07514657465512857,0.47646410956280233,30.073,2748.0,2.0
12948,200.0,94.0,6.386113888888889,48269.0,0.15015848681348276,0.07149516252667343,0.5238686534216336,42.242,4858.0,8.0
12951,1198.0,309.0,33.245577777777775,215963.0,0.182549788621199,0.08281974227066674,0.5463169642857143,28.326999999999998,2586.0,5.0
12952,449.0,184.0,16.96306111111111,119912.0,0.19932116885716192,0.10506871705917672,0.4728672440483662,40.71683333333334,4925.0,6.0
12955,254.0,135.0,8.672038888888888,52457.0,0.3306708351602265,0.12347255847646645,0.6265997924593567,44.07566666666667,4322.0,17.0
12956,244.0,122.0,7.249308333333333,51875.0,0.17129638554216867,0.08678554216867469,0.4933603421111861,40.4285,4935.0,3.0
12959,204.0,90.0,7.610291666666667,51893.0,0.21149287957913399,0.09463704160484072,0.5525284738041003,43.77133333333333,5063.0,11.0
12961,762.0,342.0,27.478177777777777,194554.0,0.15761690841617237,0.07939183979769113,0.4962987118865156,39.761833333333335,4239.0,6.0
12963,80.0,30.0,4.6119361111111115,28265.0,0.17558818326552272,0.07079426852998408,0.5968164416683458,43.57083333333334,4646.0,5.0
12964,269.0,121.0,11.108883333333333,64491.0,0.19475585740645981,0.09754849513885658,0.49912420382165607,44.838666666666676,3947.0,6.0
12966,153.0,66.0,4.03768611111111,28318.0,0.1768839607316901,0.09414506674200156,0.4677580355360352,44.73566666666667,4961.0,12.0
23511,273.0,74.0,8.131997222222223,50936.0,0.18499685880320402,0.09223339092194126,0.501432664756447,40.79716666666666,3333.0,6.0
23512,326.0,102.0,11.080958333333333,70832.0,0.17030438220013552,0.07219900609893834,0.5760590234601674,42.161999999999985,4470.0,11.0
23531,233.0,70.0,6.462883333333332,40585.0,0.25322163360847605,0.09520758901071824,0.6240147903084559,42.891333333333336,4514.0,11.0
23534,94.0,55.0,3.9774388888888885,28208.0,0.20164492342597845,0.09156976744186046,0.5458860759493671,33.864333333333335,3972.0,9.0
23551,148.0,66.0,4.980308333333333,30637.0,0.15190782387309462,0.07040506577014721,0.5365277180919639,43.19316666666666,4056.0,3.0
23553,142.0,73.0,5.9861249999999995,38226.0,0.14207607387641918,0.06765029037827656,0.5238445958387037,41.21083333333333,4196.0,8.0
23558,98.0,40.0,3.4830194444444444,24350.0,0.29322381930184804,0.11429158110882957,0.6102240896358543,42.1,5129.0,9.0
23560,181.0,71.0,7.576908333333334,47093.0,0.27142038094833626,0.14309982375299937,0.47277421373806916,43.247,4157.0,8.0
23564,565.0,98.0,17.576694444444446,121613.0,0.21514969616735052,0.11035826761941568,0.4870628702465125,37.058,3822.0,8.0
23565,436.0,187.0,17.2724,114098.0,0.14695261967782083,0.07201703798489018,0.5099302200751477,43.513000000000005,4004.0,8.0
23566,141.0,65.0,5.921852777777778,44637.0,0.13513452965029013,0.06761207070367632,0.49966843501326264,42.00716666666666,4670.0,8.0
23567,133.0,75.0,7.282886111111112,43767.0,0.14791966550140517,0.08225375282747276,0.4439295644114921,30.56566666666667,2649.0,6.0
23568,409.0,211.0,16.228341666666665,101555.0,0.15537393530599183,0.07899167938555463,0.49160276316623364,41.9565,4392.0,5.0
23569,146.0,76.0,5.749908333333333,39880.0,0.1732948846539619,0.08172016048144433,0.5284329330053539,44.540333333333336,5181.0,9.0
23570,79.0,45.0,3.6701527777777785,26986.0,0.143074186615282,0.07300081523753058,0.4897694897694898,43.577999999999996,5159.0,11.0
23573,220.0,94.0,7.430516666666667,44576.0,0.21482412060301506,0.10588657573582197,0.5071010860484544,39.89183333333334,4100.0,9.0
23591,508.0,197.0,16.06268611111111,102470.0,0.16880062457304576,0.08650336683907485,0.48754119211423946,44.939166666666665,4181.0,11.0
23594,195.0,106.0,7.766805555555556,52040.0,0.11702536510376634,0.05245964642582629,0.5517241379310345,43.884666666666675,4793.0,12.0
23596,486.0,175.0,19.545625,116798.0,0.15137245500779123,0.07936779739379099,0.4756787330316742,43.68533333333333,4548.0,14.0
23597,580.0,204.0,18.460752777777774,109975.0,0.2022005001136622,0.08659240736531029,0.5717497863920493,39.483000000000004,3785.0,7.0
23598,75.0,39.0,4.224216666666667,24721.0,0.14416892520529104,0.06156708871000364,0.5729517396184063,43.95766666666667,4089.0,10.0
23599,300.0,156.0,13.368277777777779,90555.0,0.18508089006681022,0.09336867097344155,0.4955250596658711,42.49666666666667,4818.0,7.0
23600,115.0,61.0,5.847144444444445,44394.0,0.13763121142496734,0.05906203541019057,0.5708674304418986,41.934166666666655,5280.0,4.0
23631,214.0,113.0,8.770569444444444,51211.0,0.15988752416473023,0.07894788229091407,0.506228627259404,36.80283333333334,3056.0,10.0
23632,968.0,325.0,34.393458333333335,187699.0,0.18247300198722421,0.08157209148690191,0.552963503649635,41.550666666666665,3485.0,8.0
23635,140.0,82.0,6.885552777777777,44034.0,0.25101058273152566,0.11182268247263479,0.5545100877589796,38.827,4402.0,9.0
23639,182.0,143.0,5.449613888888889,39739.0,0.2230806009210096,0.08362062457535419,0.6251551043429217,42.289833333333334,4797.0,13.0
23642,211.0,127.0,7.4394277777777775,37523.0,0.33659355595234924,0.13386456306798497,0.6022961203483769,41.42816666666667,3545.0,17.0
23643,290.0,128.0,10.58866388888889,52808.0,0.25522648083623695,0.11329722769277382,0.5560914082208043,34.43433333333333,2837.0,8.0
23651,555.0,213.0,20.95456388888889,141874.0,0.14057544017931403,0.07703314208382085,0.4520156438026474,27.002499999999998,3340.0,2.0
23652,610.0,190.0,20.60625,104594.0,0.20200967550719925,0.1015832648144253,0.49713663684982723,44.004000000000005,3468.0,7.0
23653,352.0,155.0,14.83733611111111,104017.0,0.1517251987655864,0.08112135516309835,0.46534026105690024,44.88716666666666,5035.0,10.0
23673,196.0,114.0,9.221580555555557,54908.0,0.16942886282508923,0.07674655787863335,0.547027840481565,43.48866666666667,4031.0,4.0
28513,226.0,114.0,9.342230555555556,59115.0,0.18460627590290113,0.07700245284614735,0.5828828003298818,44.25816666666667,4790.0,10.0
30055,476.0,146.0,13.177980555555555,99848.0,0.19569746013941192,0.10062294687925646,0.4858239508700103,37.47183333333334,4720.0,5.0
30057,327.0,92.0,10.647330555555556,77067.0,0.1874862132949252,0.10053589733608419,0.463769118970171,44.3205,5500.0,11.0
30059,229.0,130.0,7.294422222222222,48059.0,0.1717472273663622,0.08202417861378722,0.5224133753331719,44.63333333333333,4614.0,11.0
30061,227.0,112.0,10.327808333333333,63279.0,0.15436400701654576,0.07817759446261793,0.4935503685503685,42.27516666666667,4396.0,8.0
30062,119.0,49.0,4.7278777777777785,26006.0,0.18226563100822887,0.09244020610628316,0.49282700421940934,42.799833333333346,4048.0,9.0
30063,213.0,122.0,9.474852777777778,64861.0,0.18410138604091827,0.08706310417662386,0.5270915333724144,39.94383333333333,4751.0,10.0
30064,140.0,84.0,5.871988888888889,46847.0,0.2536982090635473,0.11266463167331953,0.5559108119478334,38.221833333333336,4998.0,9.0
30065,222.0,105.0,8.014733333333334,63944.0,0.15555798823970973,0.07841236081571375,0.49592842062933545,41.616499999999995,5745.0,9.0
30066,196.0,107.0,7.936702777777777,42185.0,0.2605665520919758,0.10648334716131326,0.5913391557496361,38.3395,3200.0,13.0
30067,468.0,226.0,19.695619444444443,103573.0,0.18782887432052756,0.10081778069574117,0.46324663308317054,42.30566666666666,3561.0,9.0
30068,345.0,181.0,12.3752,76221.0,0.2746355991131053,0.12682856430642475,0.5381932833325371,41.31816666666667,4315.0,7.0
30069,273.0,133.0,9.956583333333333,52290.0,0.24077261426659016,0.10476190476190476,0.5648927720413026,44.23299999999999,3847.0,9.0
30070,429.0,177.0,14.528086111111111,78243.0,0.25932032258476795,0.13187122170673415,0.49147363233119756,43.05233333333333,3992.0,14.0
30071,128.0,79.0,5.106933333333333,33043.0,0.36812638077656384,0.15231667826771178,0.5862380795790858,40.125,4345.0,13.0
30074,312.0,138.0,10.923905555555555,68491.0,0.1794250339460659,0.09300492035449913,0.4816502563267963,44.649166666666666,4939.0,12.0
30077,116.0,39.0,5.792083333333333,35063.0,0.1685822662065425,0.0795710578102273,0.5279986465911014,28.8785,2767.0,3.0
30078,70.0,33.0,3.8235083333333337,20713.0,0.24882923767682133,0.14382272003089847,0.4220023282887078,37.42166666666667,3703.0,9.0
30081,385.0,106.0,7.859086111111111,44681.0,0.2937490208365972,0.1415366710682393,0.5181714285714285,43.83749999999999,4595.0,14.0
30082,158.0,61.0,5.5883166666666675,39992.0,0.14152830566113223,0.08211642328465693,0.41978798586572436,38.43566666666666,4826.0,7.0
30083,105.0,38.0,3.6093222222222217,24059.0,0.23080759798827882,0.1315516023109855,0.4300378173960021,37.782333333333334,4262.0,9.0
30096,133.0,61.0,3.8807416666666668,22194.0,0.19820672253762278,0.11300351446336848,0.42987042509661283,42.5845,4356.0,15.0
30098,270.0,94.0,8.30866388888889,62482.0,0.16939278512211517,0.07751032297301623,0.5424225245653816,38.30133333333333,4874.0,9.0
30099,94.0,61.0,4.4618111111111105,26600.0,0.1531578947368421,0.07714285714285714,0.4963181148748159,42.1425,4352.0,6.0
30102,336.0,150.0,9.514050000000001,67847.0,0.20752575648149513,0.11315165003611066,0.45475852272727274,44.526833333333336,5215.0,9.0
30118,134.0,62.0,4.940802777777779,30847.0,0.13398385580445424,0.07164391999221967,0.4652794580208081,35.94683333333333,3725.0,6.0
30121,377.0,200.0,15.481277777777777,109674.0,0.14860404471433522,0.07848715283476485,0.47183703521904535,34.684999999999995,3782.0,7.0
30289,156.0,86.0,7.789030555555556,53046.0,0.1612939712702183,0.08807450137616409,0.4539504441327723,44.8645,4918.0,11.0
30300,249.0,116.0,7.185861111111111,41410.0,0.17541656604684858,0.08379618449649844,0.5223017621145374,34.835833333333326,3083.0,16.0
30407,109.0,62.0,3.0505194444444443,21354.0,0.1960756766882083,0.09806125316100028,0.49988058275615,41.959,4980.0,12.0
30470,142.0,103.0,5.4317527777777785,39534.0,0.2089846714220671,0.11084130115849648,0.46961994674412977,43.752833333333335,5035.0,11.0
30548,97.0,57.0,3.6524027777777777,19889.0,0.1962894062044346,0.09638493639700337,0.5089651639344263,38.024,3556.0,15.0
30601,163.0,90.0,5.631202777777778,41733.0,0.25512184602113436,0.13212565595571849,0.48210763595378986,43.16716666666667,6306.0,9.0
30660,116.0,56.0,3.382644444444445,23246.0,0.23406177406865697,0.09106943130000861,0.6109171108252159,41.8415,4441.0,8.0
30662,108.0,43.0,3.003769444444445,21110.0,0.1732828043581241,0.08370440549502606,0.5169491525423728,37.5555,4649.0,10.0
30672,129.0,66.0,4.6243333333333325,33081.0,0.18862791330370907,0.09866690849732475,0.4769230769230769,43.210666666666675,5017.0,13.0
30681,79.0,40.0,3.001288888888889,20705.0,0.1588988167109394,0.0876116879980681,0.44863221884498483,44.66,5509.0,11.0
30682,223.0,66.0,8.514197222222222,50523.0,0.19011143439621558,0.08706925558656453,0.5420093701197293,40.317499999999995,4256.0,7.0
30686,99.0,44.0,4.180538888888889,29019.0,0.13604879561666494,0.06898928288362796,0.49290780141843976,41.50983333333334,4198.0,13.0
30693,136.0,56.0,3.562991666666667,22567.0,0.22280320822439845,0.08104754730358488,0.6362370723945903,43.002333333333326,4241.0,8.0
30694,124.0,51.0,4.63681388888889,26466.0,0.1614146452051689,0.07330159449860198,0.5458801498127341,39.49883333333334,3544.0,10.0
30695,211.0,62.0,7.893011111111112,59194.0,0.21813021590026016,0.11004493698685677,0.4955080545229244,43.36533333333334,5159.0,6.0
30704,124.0,36.0,4.947927777777778,32445.0,0.15789798119895207,0.0826629680998613,0.4764786258051923,30.618666666666662,3373.0,6.0
30719,205.0,110.0,9.529519444444444,55498.0,0.19391689790623085,0.05890302353237954,0.6962460509199034,36.917500000000004,3476.0,8.0
30720,95.0,61.0,3.591911111111111,23769.0,0.1617653245824393,0.062265976692330346,0.6150845253576073,44.053333333333335,5022.0,10.0
30722,163.0,70.0,6.154069444444445,44149.0,0.21468209925479625,0.11463453305850642,0.46602658788774004,44.555166666666665,5028.0,10.0
30724,115.0,30.0,4.7519888888888895,30013.0,0.27624695965081797,0.127411455036151,0.5387769870944398,43.792500000000004,4202.0,13.0
30749,190.0,109.0,7.5346416666666665,51453.0,0.2608011194682526,0.11565895088721746,0.5565243311722186,41.587666666666664,4337.0,11.0
30751,77.0,46.0,3.055516666666666,19834.0,0.20429565392759907,0.1165170918624584,0.42966436327739393,44.039,4480.0,14.0
30758,108.0,63.0,4.925936111111111,23663.0,0.2304441533195284,0.12804800743777206,0.44434256372638914,39.70766666666666,3006.0,13.0
30765,133.0,77.0,4.388902777777778,31436.0,0.23826186537727445,0.11811299147474233,0.5042723631508678,43.37633333333334,4409.0,22.0
30776,65.0,35.0,3.4343194444444443,18230.0,0.25408667032364235,0.08721886999451453,0.6567357512953368,34.43233333333333,3138.0,6.0
30780,83.0,36.0,3.1022472222222217,19688.0,0.14384396586753354,0.07720438845997563,0.4632768361581921,41.90433333333333,4601.0,10.0
30807,163.0,64.0,7.567991666666668,45131.0,0.1612860339899404,0.06379207196827015,0.6044786371754362,36.00666666666667,3459.0,5.0
30810,91.0,51.0,3.3825555555555558,22752.0,0.1924226441631505,0.08860759493670886,0.5395157606212883,42.417,4895.0,12.0
30811,102.0,37.0,3.5482305555555556,22244.0,0.1687646106815321,0.08514655637475274,0.4954714970697922,43.857666666666674,4858.0,6.0
