speaker_id,n_seg,n_sess,hours
427,151,54,7.843186111111112
433,38,19,1.4360638888888886
435,58,23,2.734519444444444
445,578,202,18.296294444444445
448,122,64,5.841894444444445
455,55,23,1.740344444444444
456,12,8,2.1990083333333335
458,27,3,0.7096944444444443
461,130,26,5.056413888888889
462,130,25,5.2843027777777785
464,17,11,0.7390527777777778
467,148,50,6.172966666666666
468,465,90,18.111219444444444
469,274,106,14.406305555555555
470,128,33,5.386330555555555
471,105,28,3.330786111111111
474,74,43,1.9523249999999999
475,76,34,3.0995749999999997
476,1803,301,39.13730277777777
477,402,78,13.054569444444443
478,383,106,12.889852777777778
479,127,38,4.938133333333334
483,211,92,8.285658333333332
488,503,192,9.172625
490,660,199,19.82016666666667
494,228,45,6.795941666666668
495,117,61,4.794286111111111
498,317,68,12.118966666666667
503,468,215,19.43684722222222
504,385,158,15.566055555555554
511,156,72,5.180413888888888
521,196,71,7.445044444444443
526,868,220,24.987888888888886
528,619,176,18.434333333333335
532,1504,441,36.94098611111111
533,63,37,3.3201055555555556
540,350,132,14.801975
546,39,12,1.838833333333333
549,236,101,7.207022222222222
556,480,123,15.3125
557,249,97,11.72948888888889
560,1235,471,34.93023888888889
563,432,132,18.301602777777774
580,722,222,19.711366666666667
713,443,127,16.02528611111111
865,53,22,1.5641166666666666
949,93,43,6.772733333333331
965,399,98,20.155619444444444
1025,222,82,9.547316666666665
1026,89,31,3.287872222222222
1027,424,98,17.256788888888888
1030,275,94,7.701827777777777
1031,39,17,1.0275333333333334
1033,38,14,1.3571055555555558
1034,191,35,5.345183333333332
1037,856,158,36.24895277777778
1038,57,20,2.189988888888889
1041,5,4,0.4456361111111111
1042,59,42,2.6181194444444444
1043,5,2,0.2649972222222222
1044,248,126,15.914116666666668
1055,299,140,11.159027777777776
1056,484,220,17.966075
1057,730,320,24.883505555555555
1061,557,227,20.676716666666664
1064,4,1,0.3678194444444445
1065,296,71,9.363527777777778
1067,93,29,2.611280555555555
1068,197,72,7.924427777777779
2014,135,61,3.0979305555555547
2178,164,45,8.029836111111113
2226,21,7,0.7944944444444444
2291,222,53,8.209600000000002
2411,289,102,7.947966666666667
2462,10,7,0.778036111111111
3261,147,50,7.248986111111112
3263,2,1,0.21418333333333334
4295,181,87,9.843586111111112
4297,206,109,7.755091666666667
4298,13,1,0.563011111111111
4355,470,150,13.582097222222224
4376,62,23,1.8006194444444446
4395,111,41,5.516725
4397,547,115,19.0606
4400,151,67,5.529722222222222
4401,75,37,3.128883333333334
4405,277,144,15.857327777777778
4407,125,58,6.3306805555555545
4408,41,27,1.4530916666666664
4409,61,43,1.7799027777777783
4411,34,6,1.3533444444444445
4412,111,65,3.6681111111111107
4413,385,90,14.052736111111113
4416,1632,494,65.82487777777777
4417,173,37,5.890350000000001
4418,34,26,1.015475
4419,236,125,9.007377777777778
4635,14,8,0.7152166666666667
6076,173,76,4.761502777777777
6235,115,73,3.3678861111111114
7736,112,55,4.013169444444444
9315,305,118,11.233197222222223
9615,338,143,9.82819722222222
10555,29,17,1.1503999999999999
11235,6,3,0.16122500000000003
11835,722,317,27.33118611111111
12935,126,79,3.933550000000001
12936,294,134,9.523225
12937,895,212,22.905008333333335
12938,543,278,17.075233333333333
12939,39,14,1.2478222222222222
12941,140,58,3.8159722222222223
12942,370,152,13.625797222222223
12943,53,32,1.3002805555555559
12944,107,46,2.1683833333333333
12945,580,378,17.480291666666666
12946,42,11,2.413880555555556
12947,542,192,22.85201944444444
12948,228,106,7.324669444444444
12950,36,21,1.1447694444444445
12951,1224,315,34.00175277777778
12952,470,191,17.786147222222223
12953,77,24,2.8901250000000003
12954,47,31,1.4933805555555555
12955,282,156,9.64498611111111
12956,262,126,8.004691666666666
12957,21,10,0.700338888888889
12958,30,28,0.7947805555555555
12959,231,104,8.4736
12960,105,45,2.830402777777778
12961,782,349,28.341222222222225
12962,61,39,1.8138416666666668
12963,90,37,5.545694444444443
12964,292,128,12.024536111111109
12965,79,40,3.3477583333333336
12966,190,81,5.031552777777778
13830,65,30,2.729844444444445
14470,110,59,3.6629388888888883
17630,30,20,1.1203472222222222
18990,23,17,0.7748527777777778
21431,9,4,0.2958444444444444
22091,1,1,0.09482777777777777
22151,102,82,3.585966666666666
22811,4,2,0.26866944444444446
22911,2,1,0.1879
23511,281,82,8.946966666666667
23512,364,116,12.022705555555557
23531,267,82,7.3210083333333325
23532,11,9,0.8897583333333333
23533,77,21,2.5776749999999997
23534,107,65,4.759552777777778
23551,176,70,5.751622222222221
23552,47,23,1.4822833333333334
23553,157,83,6.820577777777778
23555,56,17,2.423455555555555
23556,109,43,3.1254250000000003
23557,61,45,2.6848666666666667
23558,129,50,4.5309333333333335
23560,200,80,8.385119444444445
23564,594,107,18.48618888888889
23565,453,197,18.068475
23566,155,74,6.801433333333334
23567,153,82,8.205211111111112
23568,424,217,17.154038888888888
23569,180,94,6.7279222222222215
23570,102,62,4.623155555555555
23571,42,22,1.794627777777778
23572,37,19,1.2207138888888889
23573,248,105,8.343644444444445
23591,531,211,17.008477777777777
23592,53,33,1.9714944444444444
23594,218,122,8.712794444444445
23595,56,20,2.314208333333333
23596,512,192,20.495627777777777
23597,609,213,19.314844444444446
23598,95,51,5.121555555555555
23599,318,165,14.222883333333334
23600,126,67,6.689169444444446
23601,61,45,3.3455555555555563
23602,35,22,0.9941222222222222
23631,234,124,9.598783333333333
23632,987,336,35.30146944444445
23633,34,21,1.3090055555555553
23634,57,34,2.0495555555555556
23635,160,92,7.659280555555556
23636,23,18,0.8389027777777778
23637,46,28,1.5492527777777776
23638,55,44,1.8470861111111112
23639,207,162,6.376894444444444
23640,34,26,1.2409
23641,36,12,1.2679527777777777
23642,242,148,8.379302777777777
23643,308,137,11.351933333333333
23651,584,216,21.797277777777776
23652,635,200,21.525605555555554
23653,372,169,15.808608333333336
23673,209,119,10.134524999999998
28513,244,126,10.328094444444444
29855,1,1,0.05614444444444445
30054,24,16,0.6924916666666666
30055,501,152,13.997602777777779
30056,3,1,0.03267222222222222
30057,366,107,11.608241666666666
30058,142,61,3.5949333333333335
30059,255,147,8.274775
30060,36,26,2.1377166666666665
30061,255,121,11.302158333333333
30062,146,60,5.678344444444445
30063,235,133,10.280377777777778
30064,156,94,6.885969444444444
30065,249,119,8.872172222222222
30066,222,123,8.813027777777776
30067,485,237,20.64604722222222
30068,367,189,13.232980555555555
30069,297,144,10.90701111111111
30070,468,193,15.469766666666668
30071,152,93,6.085175
30074,345,154,11.86507222222222
30076,32,16,1.3239944444444443
30077,123,43,6.676436111111111
30078,92,43,4.574291666666667
30079,34,22,1.4472527777777777
30080,57,37,2.453530555555556
30081,418,125,8.746916666666667
30082,182,71,6.464819444444445
30083,138,49,4.478688888888889
30084,89,52,3.764397222222222
30094,65,40,1.934783333333333
30095,40,33,1.8032722222222222
30096,163,81,4.789938888888889
30097,19,12,0.6918888888888889
30098,302,105,9.153072222222221
30099,112,72,5.411308333333333
30102,366,161,10.446905555555556
30106,108,47,3.840377777777778
30117,56,12,1.541975
30118,155,69,5.87945
30121,405,208,16.406752777777776
30289,179,100,8.74617222222222
30300,278,133,8.02035
30328,45,22,1.3825916666666667
30407,139,76,3.9976111111111114
30470,193,117,6.400575
30480,32,20,1.172963888888889
30520,52,40,1.8674249999999997
30548,128,73,4.502030555555556
30549,6,5,0.3652944444444444
30554,54,29,2.0143916666666666
30555,62,39,2.1701416666666664
30558,91,54,3.798019444444444
30588,14,11,0.4464722222222222
30601,191,100,6.48436388888889
30628,3,2,0.09778611111111112
30646,7,7,0.29183055555555554
30654,1,1,0.044097222222222225
30657,56,26,3.0639111111111115
30660,136,65,4.418933333333333
30662,132,54,3.8138
30671,36,27,1.6163499999999997
30672,154,83,5.59005
30677,4,2,0.17799444444444443
30678,105,26,3.3550861111111114
30679,36,25,1.5942472222222224
30680,90,24,3.0139666666666667
30681,97,53,3.9334472222222225
30682,250,76,9.40476111111111
30685,53,31,2.8169833333333343
30686,120,60,5.060375
30687,15,7,0.4989305555555556
30688,35,22,1.0527888888888888
30689,22,16,0.893338888888889
30690,36,19,1.8741333333333334
30691,64,39,2.832444444444444
30692,61,45,2.882288888888889
30693,166,68,4.4321166666666665
30694,141,64,5.502583333333332
30695,227,71,8.844341666666667
30696,30,14,0.8786111111111111
30698,3,2,0.19963888888888887
30700,20,10,1.0271083333333333
30701,94,50,3.8214944444444447
30702,25,21,1.370838888888889
30703,68,37,2.6660388888888886
30704,152,43,5.946502777777779
30705,66,34,3.318244444444445
30706,93,55,3.7335944444444444
30707,15,8,0.41245833333333337
30708,76,26,2.5859444444444444
30709,16,12,0.6045972222222222
30710,67,48,2.9094055555555554
30711,79,45,2.895275
30713,116,57,3.7731416666666675
30714,45,31,2.300288888888889
30715,39,29,1.9228500000000002
30716,15,1,0.46000833333333324
30717,72,37,2.918586111111111
30718,33,15,1.4210194444444444
30719,222,119,10.29224166666667
30720,120,74,4.509027777777778
30721,65,43,3.4336361111111113
30722,184,82,6.963708333333333
30723,43,27,2.395538888888889
30724,142,46,5.724363888888889
30741,96,59,3.4297222222222223
30743,74,39,3.680697222222222
30745,13,11,0.5548777777777778
30746,2,2,0.04399444444444444
30749,209,121,8.45765277777778
30750,50,34,2.1593027777777776
30751,110,62,4.020866666666667
30752,87,55,3.92003611111111
30758,132,78,5.792063888888889
30759,38,31,2.049672222222222
30760,23,18,1.02325
30762,28,21,1.2825305555555555
30763,3,3,0.29981666666666673
30764,12,11,0.57875
30765,206,102,5.227702777777779
30766,10,9,0.6051722222222222
30767,8,5,0.3823861111111111
30768,52,38,1.8837055555555555
30770,58,44,2.601883333333334
30772,56,27,1.3273333333333335
30773,4,3,0.15419444444444444
30775,13,11,0.5422111111111111
30776,78,42,4.420469444444444
30777,104,51,3.7984999999999998
30778,13,12,0.695663888888889
30779,7,6,0.30198333333333327
30780,111,49,4.01071111111111
30781,33,22,1.4096583333333335
30782,41,31,2.4723166666666665
30783,85,38,2.968433333333333
30784,16,13,0.66155
30786,23,9,1.1110777777777778
30787,10,10,0.81905
30788,4,2,0.35810555555555557
30789,7,6,0.4118194444444444
30791,10,6,0.5444388888888889
30797,19,11,0.9822194444444445
30803,6,6,0.38029999999999997
30804,31,14,1.4062166666666664
30805,21,14,1.0645083333333332
30806,23,12,0.8564166666666665
30807,179,71,8.378322222222222
30808,66,36,3.248413888888889
30809,40,27,1.9419694444444444
30810,115,65,4.2779
30811,133,44,4.491466666666668
30812,75,34,2.5594805555555546
30813,10,9,0.7675833333333333
30816,9,7,0.6491333333333333
30817,12,11,0.6335833333333333
30818,19,14,0.6769222222222222
30820,104,52,3.9453472222222223
30821,12,10,0.7206555555555555
30823,11,6,0.5830527777777778
30830,19,12,1.1878583333333332
30831,11,9,0.4558222222222223
30832,9,5,0.8539777777777777
30833,8,6,0.3947805555555556
30835,19,12,0.7061055555555555
30836,15,7,0.977147222222222
30837,53,31,2.230825
30839,9,7,0.5414222222222221
30840,69,46,2.5444861111111106
30842,40,27,1.3224194444444444
30843,34,25,1.1199083333333333
30846,17,7,0.7395222222222223
30847,62,12,2.4780166666666656
30849,73,51,3.5050416666666666
30851,78,31,3.0735333333333337
30852,31,20,1.1638583333333332
30853,30,5,0.8899555555555556
30854,132,39,3.417666666666667
30857,18,5,0.6581111111111111
30859,9,6,0.6824527777777778
30860,76,38,2.4992222222222225
30861,8,4,0.3610611111111111
30863,76,50,3.8254388888888893
30867,43,25,1.7412472222222222
30868,38,27,1.2935722222222221
30870,31,15,0.7239777777777779
30871,37,22,1.791527777777778
30872,25,19,0.7231527777777778
30873,49,27,1.683138888888889
30874,21,16,0.7350166666666668
30875,24,20,0.8532638888888889
30877,2,1,0.06397777777777779
30879,2,1,0.032244444444444444
30880,7,5,0.2503861111111111
30881,14,9,0.3040111111111111
