cell,speaker,arm,site,method,budget,rank,lr,seed,adapter,train_minutes,train_chunks,train_steps,train_epochs,best_eval_loss,n_test,test_minutes,wer_base,wer_tuned,delta_abs,delta_rel,ci_lo,ci_hi,p_boot,p_wilcoxon,n_segments,n_words,cer_base,cer_tuned,wer_base_f,wer_tuned_f,delta_abs_f,delta_rel_f,ci_lo_f,ci_hi_f,p_boot_f,p_wilcoxon_f,seconds_train,seconds_total,model,base.S,base.D,base.I,base.runaway,tuned.S,tuned.D,tuned.I,tuned.runaway,base_f.S,base_f.D,base_f.I,base_f.Ish,tuned_f.S,tuned_f.D,tuned_f.I,tuned_f.Ish,seconds_phase.train,seconds_phase.base,seconds_phase.other_arm,seconds_phase.load_tuned,seconds_phase.transcribe_tuned,seconds_phase.score,control,fold,folds,trained_on,saw_own_minutes,seconds_eval,improvement_from_insertions,style_not_speaker,control_delta_abs,control_delta_rel,wer_control,control_ci_lo,control_ci_hi,control_p_boot,control_delta_abs_f,control_delta_rel_f,wer_control_f,personalization_abs,personalization_rel,personalization_abs_f
s23558_armB_both_lora_b20_r8_lr0.001_seed0,23558,B,both,lora,20,8,0.001,0,/workspace/deep-learning-project/src/training/runs/s23558_armB_both_lora_b20_r8_lr0.001_seed0,19.652,138,144,8,0.49127,341,49.106,0.44203,0.30401,0.13801,0.31223,0.08993,0.2187,0,2.9661e-20,341,6253,0.33848,0.22045,0.29474,0.21877,0.075964,0.25773,0.032463,0.15345,0,2.4747e-08,128.31,170.91,ivrit-ai/whisper-large-v3,0.29124,0.12988,0.57887,2,0.3819,0.22146,0.39663,0,0.43679,0.19479,0.36842,921,0.5307,0.30775,0.16155,533,128.31,0.022457,0.010452,5.993,36.452,0.1021,False,,,,,,0.9803,True,0.11962,0.27062,0.32241,0.071994,0.20038,0,0.06189,0.20998,0.23285,0.018391,0.041606,0.014073
s23558_armB_both_lora_b5_r8_lr0.001_seed0,23558,B,both,lora,5,8,0.001,0,/workspace/deep-learning-project/src/training/runs/s23558_armB_both_lora_b5_r8_lr0.001_seed0,4.8773,38,40,8,0.50917,341,49.106,0.44203,0.32896,0.11307,0.25579,0.061742,0.19432,0,9.7233e-09,341,6253,0.33848,0.24217,0.29474,0.26963,0.025108,0.085187,-0.020685,0.10511,0.587,0.12636,69.082,209.5,ivrit-ai/whisper-large-v3,0.29124,0.12988,0.57887,2,0.38308,0.35683,0.26009,0,0.43679,0.19479,0.36842,921,0.46738,0.43535,0.097272,371,69.082,52.828,48.057,6.4598,32.589,0.46358,False,,,,,,1.5064,True,0.11962,0.27062,0.32241,0.071994,0.20038,0,0.06189,0.20998,0.23285,-0.0065569,-0.014834,-0.036782
s23558_armB_both_lora_b80_r8_lr0.001_seed0,23558,B,both,lora,80,8,0.001,0,/workspace/deep-learning-project/src/training/runs/s23558_armB_both_lora_b80_r8_lr0.001_seed0,79.962,511,512,8,0.44137,341,49.106,0.44203,0.28466,0.15736,0.35601,0.10817,0.23933,0,1.7503e-26,341,6253,0.33848,0.20575,0.29474,0.20262,0.092116,0.31253,0.049257,0.17134,0,1.0556e-16,335.75,379.18,ivrit-ai/whisper-large-v3,0.29124,0.12988,0.57887,2,0.3691,0.20899,0.42191,0,0.43679,0.19479,0.36842,921,0.51855,0.29361,0.18785,513,335.75,0.013573,0.0090399,5.6305,37.58,0.10159,False,,,,,,0.8628,True,0.11962,0.27062,0.32241,0.071994,0.20038,0,0.06189,0.20998,0.23285,0.037742,0.085384,0.030225
s23558_armB_encoder_lora_b80_r8_lr0.001_seed0,23558,B,encoder,lora,80,8,0.001,0,/workspace/deep-learning-project/src/training/runs/s23558_armB_encoder_lora_b80_r8_lr0.001_seed0,79.962,511,512,8,0.45838,341,49.106,0.44203,0.30194,0.14009,0.31693,0.082636,0.22455,0,2.6699e-19,341,6253,0.33848,0.2285,0.29474,0.22677,0.067967,0.2306,0.01577,0.14995,0.005,2.6418e-08,301.8,362.12,ivrit-ai/whisper-large-v3,0.29124,0.12988,0.57887,2,0.36864,0.22934,0.40201,1,0.43679,0.19479,0.36842,921,0.49083,0.30536,0.20381,470,301.8,0.011367,0.0099933,5.672,54.152,0.45532,False,,,,,,0.96005,True,0.12778,0.28907,0.31425,0.079473,0.21205,0,0.066208,0.22463,0.22853,0.012314,0.027858,0.0017592
s30685_armB_both_lora_b20_r8_lr0.001_seed0,30685,B,both,lora,20,8,0.001,0,/workspace/deep-learning-project/src/training/runs/s30685_armB_both_lora_b20_r8_lr0.001_seed0,19.645,83,88,8,0.35937,224,50.675,0.23299,0.20393,0.029061,0.12473,0.016603,0.04358,0,0.00010485,224,5953,0.16749,0.14198,0.10936,0.11944,-0.010079,-0.092166,-0.018931,-0.0013953,0.027,0.0072472,95.006,129.74,ivrit-ai/whisper-large-v3,0.29704,0.082192,0.62076,2,0.35091,0.16557,0.48353,2,0.63287,0.17512,0.19201,736,0.59916,0.2827,0.11814,503,95.006,0.037265,0.02098,5.8804,28.616,0.089775,False,,,,,,1.5838,True,0.024525,0.10526,0.20847,0.012012,0.038592,0,-0.010079,-0.092166,0.11944,0.0045355,0.019466,0
s30685_armB_both_lora_b5_r8_lr0.001_seed0,30685,B,both,lora,5,8,0.001,0,/workspace/deep-learning-project/src/training/runs/s30685_armB_both_lora_b5_r8_lr0.001_seed0,4.5804,22,24,8,0.39556,224,50.675,0.23299,0.25164,-0.018646,-0.080029,-0.087539,0.02261,0.687,0.13984,224,5953,0.16749,0.17876,0.10936,0.16563,-0.056274,-0.51459,-0.12431,-0.016211,0,0.00011234,58.767,164.66,ivrit-ai/whisper-large-v3,0.29704,0.082192,0.62076,2,0.33778,0.18291,0.47931,2,0.63287,0.17512,0.19201,736,0.51318,0.27789,0.20892,512,58.767,34.17,32.556,5.9779,33.019,0.1403,False,,,,,,-1.2883,False,0.024525,0.10526,0.20847,0.012012,0.038592,0,-0.010079,-0.092166,0.11944,-0.043172,-0.18529,-0.046195
s30685_armB_both_lora_b80_r8_lr0.001_seed0,30685,B,both,lora,80,8,0.001,0,/workspace/deep-learning-project/src/training/runs/s30685_armB_both_lora_b80_r8_lr0.001_seed0,79.807,328,328,8,0.33063,224,50.675,0.23299,0.25029,-0.017302,-0.074261,-0.071346,0.024947,0.518,0.00046104,224,5953,0.16749,0.18263,0.10936,0.16832,-0.058962,-0.53917,-0.11642,-0.016811,0,0.0018058,231.34,273.19,ivrit-ai/whisper-large-v3,0.29704,0.082192,0.62076,2,0.34161,0.1349,0.52349,5,0.63287,0.17512,0.19201,736,0.50798,0.2006,0.29142,488,231.34,0.011134,0.0067322,5.7492,35.847,0.088826,False,,,,,,-0.78641,False,0.024525,0.10526,0.20847,0.012012,0.038592,0,-0.010079,-0.092166,0.11944,-0.041828,-0.17952,-0.048883
s30685_armB_encoder_lora_b80_r8_lr0.001_seed0,30685,B,encoder,lora,80,8,0.001,0,/workspace/deep-learning-project/src/training/runs/s30685_armB_encoder_lora_b80_r8_lr0.001_seed0,79.807,328,328,8,0.33273,224,50.675,0.23299,0.19688,0.036116,0.15501,0.023309,0.050578,0,4.5171e-07,224,5953,0.16749,0.13614,0.10936,0.10969,-0.00033597,-0.0030722,-0.0087126,0.0083351,0.929,0.40903,207.42,241.78,ivrit-ai/whisper-large-v3,0.29704,0.082192,0.62076,2,0.33276,0.15529,0.51195,2,0.63287,0.17512,0.19201,736,0.59724,0.27871,0.12404,519,207.42,0.014579,0.015408,5.4357,28.777,0.087038,False,,,,,,1.214,True,0.01495,0.064167,0.21804,0.0025344,0.027829,0.021,-0.010919,-0.099846,0.12028,0.021166,0.090844,0.010583
s30701_armB_both_lora_b20_r8_lr0.001_seed0,30701,B,both,lora,20,8,0.001,0,/workspace/deep-learning-project/src/training/runs/s30701_armB_both_lora_b20_r8_lr0.001_seed0,19.586,89,96,8,0.31629,361,50.649,0.40586,0.30702,0.098843,0.24354,0.036047,0.18767,0,6.4589e-14,361,6485,0.29823,0.22292,0.26692,0.22005,0.046877,0.17562,-0.012149,0.13453,0.156,0.0010132,95.413,154.46,ivrit-ai/whisper-large-v3,0.28609,0.1269,0.58701,5,0.35008,0.2215,0.42843,1,0.43501,0.19295,0.37204,901,0.48844,0.30904,0.20252,564,95.413,0.015723,0.0099275,5.8264,53.031,0.10522,False,,,,,,1.0796,True,0.12737,0.31383,0.27849,0.07284,0.21502,0,0.052274,0.19584,0.21465,-0.028527,-0.070289,-0.0053971
s30701_armB_both_lora_b5_r8_lr0.001_seed0,30701,B,both,lora,5,8,0.001,0,/workspace/deep-learning-project/src/training/runs/s30701_armB_both_lora_b5_r8_lr0.001_seed0,4.8348,39,40,8,0.33897,361,50.649,0.40586,0.3047,0.10116,0.24924,0.047571,0.18733,0,8.697e-08,361,6485,0.29823,0.22398,0.26692,0.22899,0.037934,0.14211,-0.0075882,0.12218,0.238,0.58162,64.646,222.67,ivrit-ai/whisper-large-v3,0.28609,0.1269,0.58701,5,0.35779,0.2996,0.34261,1,0.43501,0.19295,0.37204,901,0.47609,0.39865,0.12525,491,64.646,57.618,52.42,6.2469,41.603,0.10457,False,,,,,,1.3232,True,0.12737,0.31383,0.27849,0.07284,0.21502,0,0.052274,0.19584,0.21465,-0.026214,-0.06459,-0.014341
s30701_armB_both_lora_b80_r8_lr0.001_seed0,30701,B,both,lora,80,8,0.001,0,/workspace/deep-learning-project/src/training/runs/s30701_armB_both_lora_b80_r8_lr0.001_seed0,79.876,385,392,8,0.28366,361,50.649,0.40586,0.2882,0.11766,0.28989,0.052631,0.20744,0,8.747e-16,361,6485,0.29823,0.21484,0.26692,0.21234,0.054588,0.20451,-0.0062004,0.14411,0.069,2.7824e-07,268.34,327.86,ivrit-ai/whisper-large-v3,0.28609,0.1269,0.58701,5,0.34403,0.25254,0.40342,1,0.43501,0.19295,0.37204,901,0.46696,0.34277,0.19027,492,268.34,0.031219,0.0092628,6.0013,53.333,0.1107,False,,,,,,1.0367,True,0.12737,0.31383,0.27849,0.07284,0.21502,0,0.052274,0.19584,0.21465,-0.0097147,-0.023936,0.002313
s30701_armB_encoder_lora_b80_r8_lr0.001_seed0,30701,B,encoder,lora,80,8,0.001,0,/workspace/deep-learning-project/src/training/runs/s30701_armB_encoder_lora_b80_r8_lr0.001_seed0,79.876,385,392,8,0.31074,361,50.649,0.40586,0.2788,0.12706,0.31307,0.071705,0.21456,0,6.3572e-16,361,6485,0.29823,0.21359,0.26692,0.20416,0.06276,0.23512,0.013942,0.14879,0,3.8757e-05,235.44,294.11,ivrit-ai/whisper-large-v3,0.28609,0.1269,0.58701,5,0.3656,0.25608,0.37832,0,0.43501,0.19295,0.37204,901,0.49924,0.3497,0.15106,484,235.44,0.021223,0.010279,5.245,53.262,0.10595,False,,,,,,1.0449,True,0.10702,0.26368,0.29884,0.044811,0.19656,0,0.034387,0.12883,0.23254,0.020046,0.049392,0.028373
s30718_armB_both_lora_b20_r8_lr0.001_seed0,30718,B,both,lora,20,8,0.001,0,/workspace/deep-learning-project/src/training/runs/s30718_armB_both_lora_b20_r8_lr0.001_seed0,19.602,69,72,8,0.23514,296,83.24,0.19949,0.18235,0.017146,0.085948,-0.016338,0.078975,0.696,0.092607,296,11023,0.12368,0.11327,0.14043,0.14306,-0.0026309,-0.018734,-0.034621,0.05698,0.734,8.787e-10,74.05,123.13,ivrit-ai/whisper-large-v3,0.34925,0.11505,0.5357,4,0.41692,0.27612,0.30697,0,0.49612,0.16344,0.34044,651,0.53139,0.35193,0.11668,433,74.05,0.012258,0.010509,5.6654,43.195,0.13064,False,,,,,,2.9683,True,0.036469,0.18281,0.16302,-8.755e-05,0.10168,0.051,0.0086183,0.06137,0.13182,-0.019323,-0.096862,-0.011249
s30718_armB_both_lora_b5_r8_lr0.001_seed0,30718,B,both,lora,5,8,0.001,0,/workspace/deep-learning-project/src/training/runs/s30718_armB_both_lora_b5_r8_lr0.001_seed0,4.8275,14,16,8,0.27669,296,83.24,0.19949,0.20512,-0.0056246,-0.028195,-0.022381,0.0052155,0.576,0.97157,296,11023,0.12368,0.12943,0.14043,0.14996,-0.0095255,-0.067829,-0.027342,0.0013856,0.138,0.16898,42.225,195.89,ivrit-ai/whisper-large-v3,0.34925,0.11505,0.5357,4,0.34985,0.11809,0.53207,5,0.49612,0.16344,0.34044,651,0.47852,0.16152,0.35995,608,42.225,53.737,42.737,6.0346,50.965,0.12062,False,,,,,,0.40323,False,0.036469,0.18281,0.16302,-8.755e-05,0.10168,0.051,0.0086183,0.06137,0.13182,-0.042094,-0.21101,-0.018144
s30718_armB_both_lora_b80_r8_lr0.001_seed0,30718,B,both,lora,80,8,0.001,0,/workspace/deep-learning-project/src/training/runs/s30718_armB_both_lora_b80_r8_lr0.001_seed0,79.657,300,304,8,0.20433,296,83.24,0.19949,0.17854,0.020956,0.10505,-0.029276,0.086999,0.509,0.17129,296,11023,0.12368,0.10776,0.14043,0.14234,-0.0019051,-0.013566,-0.051508,0.06375,0.903,0.0018286,209.87,270.66,ivrit-ai/whisper-large-v3,0.34925,0.11505,0.5357,4,0.41362,0.24746,0.33892,1,0.49612,0.16344,0.34044,651,0.5188,0.31039,0.17081,399,209.87,0.01678,0.0096633,5.764,54.756,0.13426,False,,,,,,2.2121,True,0.036469,0.18281,0.16302,-8.755e-05,0.10168,0.051,0.0086183,0.06137,0.13182,-0.015513,-0.077763,-0.010523
s30718_armB_encoder_lora_b80_r8_lr0.001_seed0,30718,B,encoder,lora,80,8,0.001,0,/workspace/deep-learning-project/src/training/runs/s30718_armB_encoder_lora_b80_r8_lr0.001_seed0,79.657,300,304,8,0.21387,296,83.24,0.19949,0.17346,0.026036,0.13051,-0.0094861,0.090259,0.367,0.35715,296,11023,0.12368,0.10419,0.14043,0.1408,-0.00036288,-0.002584,-0.032856,0.061107,0.898,7.836e-08,184.76,231.22,ivrit-ai/whisper-large-v3,0.34925,0.11505,0.5357,4,0.46287,0.28818,0.24895,0,0.49612,0.16344,0.34044,651,0.57023,0.35503,0.074742,360,184.76,0.011994,0.016626,5.2883,40.997,0.13021,False,,,,,,2.446,True,0.018325,0.09186,0.18117,0.0071501,0.030114,0.003,-0.0035381,-0.025194,0.14397,0.0077111,0.038654,0.0031752
s30752_armB_both_lora_b20_r8_lr0.001_seed0,30752,B,both,lora,20,8,0.001,0,/workspace/deep-learning-project/src/training/runs/s30752_armB_both_lora_b20_r8_lr0.001_seed0,19.956,88,88,8,0.32877,179,45.87,0.19556,0.18469,0.010864,0.055556,-0.0012435,0.02427,0.083,0.13192,179,4050,0.13199,0.16074,0.13531,0.14173,-0.0064198,-0.047445,-0.015568,0.0032001,0.215,0.23984,92.06,125.63,ivrit-ai/whisper-large-v3,0.35606,0.16919,0.47475,0,0.40241,0.26203,0.33556,0,0.5146,0.24453,0.24088,244,0.52439,0.34146,0.13415,174,92.06,0.011051,0.0076327,5.9742,27.409,0.077435,False,,,,,,2.8409,True,0.025185,0.12879,0.17037,0.0094686,0.042231,0,0.0022222,0.016423,0.13309,-0.014321,-0.073232,-0.008642
s30752_armB_both_lora_b5_r8_lr0.001_seed0,30752,B,both,lora,5,8,0.001,0,/workspace/deep-learning-project/src/training/runs/s30752_armB_both_lora_b5_r8_lr0.001_seed0,4.6812,24,24,8,0.37733,179,45.87,0.19556,0.2484,-0.05284,-0.2702,-0.13759,0.0022452,0.077,0.27805,179,4050,0.13199,0.21261,0.13531,0.19333,-0.058025,-0.42883,-0.14239,-0.0039265,0.01,0.041173,55.984,151.65,ivrit-ai/whisper-large-v3,0.35606,0.16919,0.47475,0,0.33002,0.13718,0.5328,2,0.5146,0.24453,0.24088,244,0.42401,0.17625,0.39974,223,55.984,24.732,29.878,6.5166,34.439,0.075611,False,,,,,,0.74766,True,0.025185,0.12879,0.17037,0.0094686,0.042231,0,0.0022222,0.016423,0.13309,-0.078025,-0.39899,-0.060247
s30752_armB_both_lora_b80_r8_lr0.001_seed0,30752,B,both,lora,80,8,0.001,0,/workspace/deep-learning-project/src/training/runs/s30752_armB_both_lora_b80_r8_lr0.001_seed0,79.903,410,416,8,0.28186,179,45.87,0.19556,0.16,0.035556,0.18182,0.018342,0.05573,0,0.00056972,179,4050,0.13199,0.12082,0.13531,0.12395,0.011358,0.083942,0.00026122,0.023601,0.046,0.13595,272.5,307.01,ivrit-ai/whisper-large-v3,0.35606,0.16919,0.47475,0,0.44136,0.23457,0.32407,0,0.5146,0.24453,0.24088,244,0.56972,0.30279,0.12749,146,272.5,0.01649,0.0092006,5.9979,28.288,0.067265,False,,,,,,1.1528,True,0.025185,0.12879,0.17037,0.0094686,0.042231,0,0.0022222,0.016423,0.13309,0.01037,0.05303,0.0091358
s30752_armB_encoder_lora_b80_r8_lr0.001_seed0,30752,B,encoder,lora,80,8,0.001,0,/workspace/deep-learning-project/src/training/runs/s30752_armB_encoder_lora_b80_r8_lr0.001_seed0,79.903,410,416,8,0.29274,179,45.87,0.19556,0.20716,-0.011605,-0.059343,-0.13062,0.049887,0.84,0.00044765,179,4050,0.13199,0.12718,0.13531,0.16889,-0.03358,-0.24818,-0.14826,0.022489,0.764,0.073873,244.98,277.57,ivrit-ai/whisper-large-v3,0.35606,0.16919,0.47475,0,0.34088,0.17044,0.48868,1,0.5146,0.24453,0.24088,244,0.41813,0.20906,0.37281,155,244.98,0.014941,0.024138,5.3415,27.077,0.067481,False,,,,,,0.7234,True,0.022716,0.11616,0.17284,0.0086198,0.038899,0,0.0037037,0.027372,0.1316,-0.034321,-0.17551,-0.037284
s30777_armB_both_lora_b20_r8_lr0.001_seed0,30777,B,both,lora,20,8,0.001,0,/workspace/deep-learning-project/src/training/runs/s30777_armB_both_lora_b20_r8_lr0.001_seed0,19.982,82,88,8,0.34407,268,62.649,0.22372,0.18496,0.038753,0.17322,0.0068932,0.099917,0,0.0035126,268,8180,0.14,0.11774,0.15355,0.14108,0.012469,0.08121,-0.019294,0.074916,0.748,0.013914,85.666,126.76,ivrit-ai/whisper-large-v3,0.3847,0.10765,0.50765,1,0.44217,0.24785,0.30998,0,0.56051,0.15685,0.28264,574,0.57972,0.32496,0.095321,359,85.666,0.013462,0.0085187,5.66,35.243,0.1102,False,,,,,,1.4511,True,0.050244,0.22459,0.17347,0.019269,0.11432,0,0.026773,0.17436,0.12677,-0.011491,-0.051366,-0.014303
s30777_armB_both_lora_b5_r8_lr0.001_seed0,30777,B,both,lora,5,8,0.001,0,/workspace/deep-learning-project/src/training/runs/s30777_armB_both_lora_b5_r8_lr0.001_seed0,4.7582,21,24,8,0.39885,268,62.649,0.22372,0.20086,0.022861,0.10219,-0.019127,0.088037,0.405,0.0036957,268,8180,0.14,0.13547,0.15355,0.15526,-0.0017115,-0.011146,-0.043548,0.064048,0.86,0.04753,51.229,187.26,ivrit-ai/whisper-large-v3,0.3847,0.10765,0.50765,1,0.41205,0.24528,0.34267,0,0.56051,0.15685,0.28264,574,0.53307,0.31732,0.14961,373,51.229,48.592,38.172,6.2337,42.866,0.10825,False,,,,,,1.9572,True,0.050244,0.22459,0.17347,0.019269,0.11432,0,0.026773,0.17436,0.12677,-0.027384,-0.1224,-0.028484
s30777_armB_both_lora_b80_r8_lr0.001_seed0,30777,B,both,lora,80,8,0.001,0,/workspace/deep-learning-project/src/training/runs/s30777_armB_both_lora_b80_r8_lr0.001_seed0,79.863,332,336,8,0.31847,268,62.649,0.22372,0.18203,0.041687,0.18634,0.0067392,0.10743,0.002,0.00039235,268,8180,0.14,0.11528,0.15355,0.13826,0.015281,0.099522,-0.018336,0.080398,0.733,0.24361,230.96,271.26,ivrit-ai/whisper-large-v3,0.3847,0.10765,0.50765,1,0.44056,0.25252,0.30692,0,0.56051,0.15685,0.28264,574,0.58002,0.33245,0.087533,358,230.96,0.012488,0.0071745,5.7892,34.343,0.11879,False,,,,,,1.3842,True,0.050244,0.22459,0.17347,0.019269,0.11432,0,0.026773,0.17436,0.12677,-0.0085575,-0.038251,-0.011491
s30777_armB_encoder_lora_b80_r8_lr0.001_seed0,30777,B,encoder,lora,80,8,0.001,0,/workspace/deep-learning-project/src/training/runs/s30777_armB_encoder_lora_b80_r8_lr0.001_seed0,79.863,332,336,8,0.33663,268,62.649,0.22372,0.18032,0.043399,0.19399,0.010187,0.10656,0,0.00011793,268,8180,0.14,0.11222,0.15355,0.13863,0.014914,0.097134,-0.018075,0.07971,0.731,0.20516,207.74,249.96,ivrit-ai/whisper-large-v3,0.3847,0.10765,0.50765,1,0.44542,0.24881,0.30576,0,0.56051,0.15685,0.28264,574,0.57937,0.32363,0.097002,341,207.74,0.011915,0.0087979,5.6062,36.405,0.112,False,,,,,,1.3465,True,0.048411,0.21639,0.17531,0.016367,0.11347,0,0.028362,0.18471,0.12518,-0.0050122,-0.022404,-0.013447
s30813_armB_both_lora_b20_r8_lr0.001_seed0,30813,B,both,lora,20,8,0.001,0,/workspace/deep-learning-project/src/training/runs/s30813_armB_both_lora_b20_r8_lr0.001_seed0,19.78,97,104,8,0.40957,287,61.132,0.16066,0.14108,0.019582,0.12188,-0.0088091,0.070324,0.46,0.78725,287,6741,0.098084,0.08178,0.11942,0.11912,0.00029669,0.0024845,-0.027525,0.050503,0.932,9.142e-05,89.2,128.8,ivrit-ai/whisper-large-v3,0.41828,0.12188,0.45983,1,0.46688,0.32177,0.21136,0,0.56273,0.16398,0.27329,278,0.55293,0.38107,0.066002,148,89.2,0.0069466,0.0065296,5.9003,33.519,0.10046,False,,,,,,2.25,True,-0.036196,-0.2253,0.19686,-0.1145,0.032341,0.301,-0.064085,-0.53665,0.1835,0.055778,0.34718,0.064382
s30813_armB_both_lora_b5_r8_lr0.001_seed0,30813,B,both,lora,5,8,0.001,0,/workspace/deep-learning-project/src/training/runs/s30813_armB_both_lora_b5_r8_lr0.001_seed0,4.8095,21,24,8,0.43464,287,61.132,0.16066,0.15057,0.010088,0.062789,-0.055031,0.072739,0.706,0.0093066,287,6741,0.098084,0.087584,0.11942,0.12328,-0.003857,-0.032298,-0.06917,0.059466,0.804,0.79003,46.011,176.75,ivrit-ai/whisper-large-v3,0.41828,0.12188,0.45983,1,0.41478,0.18916,0.39606,1,0.56273,0.16398,0.27329,278,0.50662,0.23105,0.26233,184,46.011,48.275,36.672,6.2711,39.407,0.096977,False,,,,,,1.4118,True,-0.036196,-0.2253,0.19686,-0.1145,0.032341,0.301,-0.064085,-0.53665,0.1835,0.046284,0.28809,0.060228
s30813_armB_both_lora_b80_r8_lr0.001_seed0,30813,B,both,lora,80,8,0.001,0,/workspace/deep-learning-project/src/training/runs/s30813_armB_both_lora_b80_r8_lr0.001_seed0,79.857,320,320,8,0.36761,287,61.132,0.16066,0.17549,-0.014835,-0.092336,-0.044948,0.036887,0.481,2.6984e-08,287,6741,0.098084,0.11074,0.11942,0.15992,-0.040498,-0.33913,-0.070542,0.010188,0.12,2.3522e-19,216.34,256.8,ivrit-ai/whisper-large-v3,0.41828,0.12188,0.45983,1,0.3973,0.49028,0.11243,0,0.56273,0.16398,0.27329,278,0.43599,0.53803,0.025974,105,216.34,0.010571,0.018667,5.9833,34.31,0.095051,False,,,,,,-3.65,False,-0.036196,-0.2253,0.19686,-0.1145,0.032341,0.301,-0.064085,-0.53665,0.1835,0.021362,0.13296,0.023587
s30813_armB_encoder_lora_b80_r8_lr0.001_seed0,30813,B,encoder,lora,80,8,0.001,0,/workspace/deep-learning-project/src/training/runs/s30813_armB_encoder_lora_b80_r8_lr0.001_seed0,79.857,320,320,8,0.36457,287,61.132,0.16066,0.1657,-0.0050438,-0.031394,-0.034947,0.045974,0.67,1.1004e-05,287,6741,0.098084,0.099659,0.11942,0.14716,-0.027741,-0.2323,-0.056857,0.022231,0.217,7.9006e-15,195.02,234.09,ivrit-ai/whisper-large-v3,0.41828,0.12188,0.45983,1,0.44226,0.40555,0.15219,0,0.56273,0.16398,0.27329,278,0.49798,0.45665,0.045363,125,195.02,0.015209,0.0098352,5.3578,33.497,0.083302,False,,,,,,-5,False,0.0019285,0.012004,0.15873,-0.027632,0.051646,0.989,-0.023587,-0.19752,0.14301,-0.0069723,-0.043398,-0.0041537
s30831_armB_both_lora_b20_r8_lr0.001_seed0,30831,B,both,lora,20,8,0.001,0,/workspace/deep-learning-project/src/training/runs/s30831_armB_both_lora_b20_r8_lr0.001_seed0,19.932,83,88,8,0.2889,223,45.065,0.27357,0.24102,0.032549,0.11898,0.013575,0.051985,0.001,0.0031723,223,5315,0.20139,0.17432,0.14525,0.16914,-0.023895,-0.16451,-0.038554,-0.010363,0,0.0004829,84.681,186.58,ivrit-ai/whisper-large-v3,0.31018,0.11623,0.57359,4,0.31616,0.32631,0.35753,2,0.5842,0.21891,0.19689,682,0.4505,0.46496,0.084538,382,84.681,35.433,33.839,6.2312,25.912,0.44876,False,,,,,,2.1734,True,0.041016,0.14993,0.23255,0.02248,0.060406,0,-0.0048918,-0.033679,0.15014,-0.0084666,-0.030949,-0.019003
s30831_armB_both_lora_b5_r8_lr0.001_seed0,30831,B,both,lora,5,8,0.001,0,/workspace/deep-learning-project/src/training/runs/s30831_armB_both_lora_b5_r8_lr0.001_seed0,4.8202,16,16,8,0.3448,223,45.065,0.27357,0.25306,0.020508,0.074966,0.00091855,0.041512,0.042,0.076963,223,5315,0.20139,0.18498,0.14525,0.19022,-0.044967,-0.30959,-0.060426,-0.028827,0,4.8284e-07,47.371,79.566,ivrit-ai/whisper-large-v3,0.31018,0.11623,0.57359,4,0.31896,0.36877,0.31227,3,0.5842,0.21891,0.19689,682,0.42433,0.4906,0.085064,334,47.371,0.01264,0.0109,5.944,26.109,0.07823,False,,,,,,3.7982,True,0.041016,0.14993,0.23255,0.02248,0.060406,0,-0.0048918,-0.033679,0.15014,-0.020508,-0.074966,-0.040075
s30831_armB_both_lora_b80_r8_lr0.001_seed0,30831,B,both,lora,80,8,0.001,0,/workspace/deep-learning-project/src/training/runs/s30831_armB_both_lora_b80_r8_lr0.001_seed0,79.896,372,376,8,0.26311,223,45.065,0.27357,0.22653,0.047037,0.17194,0.027378,0.06824,0,6.0317e-06,223,5315,0.20139,0.16039,0.14525,0.14807,-0.0028222,-0.01943,-0.015174,0.0094172,0.69,0.59213,250.34,283.71,ivrit-ai/whisper-large-v3,0.31018,0.11623,0.57359,4,0.35548,0.2201,0.42442,2,0.5842,0.21891,0.19689,682,0.54384,0.33672,0.11944,417,250.34,0.014561,0.006336,5.6929,27.504,0.081829,False,,,,,,1.292,True,0.041016,0.14993,0.23255,0.02248,0.060406,0,-0.0048918,-0.033679,0.15014,0.0060207,0.022008,0.0020696
s30831_armB_encoder_lora_b80_r8_lr0.001_seed0,30831,B,encoder,lora,80,8,0.001,0,/workspace/deep-learning-project/src/training/runs/s30831_armB_encoder_lora_b80_r8_lr0.001_seed0,79.896,372,376,8,0.2583,223,45.065,0.27357,0.22578,0.047789,0.17469,0.027369,0.070023,0,1.803e-05,223,5315,0.20139,0.16031,0.14525,0.14901,-0.0037629,-0.025907,-0.016002,0.0081768,0.558,0.49374,223.53,257.26,ivrit-ai/whisper-large-v3,0.31018,0.11623,0.57359,4,0.34083,0.25417,0.405,1,0.5842,0.21891,0.19689,682,0.51641,0.3851,0.098485,408,223.53,0.042004,0.008193,5.7031,27.836,0.083763,False,,,,,,1.3701,True,0.037253,0.13618,0.23631,0.020119,0.057085,0,0.001317,0.0090674,0.14393,0.010536,0.038514,-0.00508
s30843_armB_both_lora_b20_r8_lr0.001_seed0,30843,B,both,lora,20,8,0.001,0,/workspace/deep-learning-project/src/training/runs/s30843_armB_both_lora_b20_r8_lr0.001_seed0,19.876,116,120,8,0.40245,238,47.259,0.32314,0.29195,0.031193,0.09653,0.017471,0.044875,0,8.6548e-05,238,4905,0.20827,0.1825,0.21019,0.21019,0,0,-0.011821,0.011478,1,0.98637,113.88,145.92,ivrit-ai/whisper-large-v3,0.4265,0.078233,0.49527,1,0.47277,0.13059,0.39665,1,0.65567,0.12027,0.22405,554,0.65664,0.18138,0.16198,401,113.88,0.009501,0.0064352,5.6046,26.315,0.080906,False,,,,,,1.4183,True,0.027523,0.085174,0.29562,0.0052769,0.048642,0.018,-0.022834,-0.10863,0.23303,0.0036697,0.011356,0.022834
s30843_armB_both_lora_b5_r8_lr0.001_seed0,30843,B,both,lora,5,8,0.001,0,/workspace/deep-learning-project/src/training/runs/s30843_armB_both_lora_b5_r8_lr0.001_seed0,4.8668,34,40,8,0.43472,238,47.259,0.32314,0.29113,0.032008,0.099054,0.018564,0.045639,0,3.1519e-05,238,4905,0.20827,0.1827,0.21019,0.21916,-0.0089704,-0.042677,-0.020398,0.0028176,0.144,0.17191,68.639,161.99,ivrit-ai/whisper-large-v3,0.4265,0.078233,0.49527,1,0.46499,0.15336,0.38165,1,0.65567,0.12027,0.22405,554,0.61767,0.20372,0.1786,353,68.639,32.389,29.876,5.9186,25.069,0.081752,False,,,,,,1.5287,True,0.027523,0.085174,0.29562,0.0052769,0.048642,0.018,-0.022834,-0.10863,0.23303,0.0044852,0.01388,0.013863
s30843_armB_both_lora_b80_r8_lr0.001_seed0,30843,B,both,lora,80,8,0.001,0,/workspace/deep-learning-project/src/training/runs/s30843_armB_both_lora_b80_r8_lr0.001_seed0,79.809,397,400,8,0.37732,238,47.259,0.32314,0.26993,0.053211,0.16467,0.038546,0.070242,0,8.2668e-11,238,4905,0.20827,0.19735,0.21019,0.20041,0.0097859,0.046557,-0.0029011,0.022438,0.136,0.04484,273.28,312.72,ivrit-ai/whisper-large-v3,0.4265,0.078233,0.49527,1,0.44864,0.18051,0.37085,1,0.65567,0.12027,0.22405,554,0.60427,0.24313,0.15259,341,273.28,0.051736,0.020479,5.6179,33.495,0.085102,False,,,,,,1.1264,True,0.027523,0.085174,0.29562,0.0052769,0.048642,0.018,-0.022834,-0.10863,0.23303,0.025688,0.079495,0.03262
s30843_armB_encoder_lora_b80_r8_lr0.001_seed0,30843,B,encoder,lora,80,8,0.001,0,/workspace/deep-learning-project/src/training/runs/s30843_armB_encoder_lora_b80_r8_lr0.001_seed0,79.809,397,400,8,0.3964,238,47.259,0.32314,0.27176,0.051376,0.15899,0.037526,0.066052,0,1.456e-11,238,4905,0.20827,0.17084,0.21019,0.19123,0.01896,0.090204,0.0073698,0.031092,0.002,0.0002963,245.4,280.53,ivrit-ai/whisper-large-v3,0.4265,0.078233,0.49527,1,0.44936,0.12978,0.42086,2,0.65567,0.12027,0.22405,554,0.63859,0.18443,0.17697,395,245.4,0.022652,0.013712,5.3671,29.566,0.083621,False,,,,,,0.88889,True,0.032212,0.099685,0.29093,0.017164,0.048484,0.001,-0.012232,-0.058196,0.22243,0.019164,0.059306,0.031193
s30859_armB_both_lora_b20_r8_lr0.001_seed0,30859,B,both,lora,20,8,0.001,0,/workspace/deep-learning-project/src/training/runs/s30859_armB_both_lora_b20_r8_lr0.001_seed0,19.936,64,64,8,0.21315,317,60.13,0.2538,0.24226,0.011536,0.045455,-0.00088141,0.025316,0.076,0.27335,317,7108,0.20442,0.18764,0.17347,0.18486,-0.011396,-0.065693,-0.021647,-0.0016342,0.018,0.0052133,74.031,112.61,ivrit-ai/whisper-large-v3,0.2306,0.34035,0.42905,2,0.28049,0.42044,0.29907,0,0.33739,0.49797,0.16464,571,0.36758,0.55099,0.081431,408,74.031,0.012932,0.009644,5.6402,32.75,0.1036,False,,,,,,3.1585,True,0.02659,0.10477,0.22721,0.012485,0.041863,0,-0.0042206,-0.024331,0.17769,-0.015053,-0.059313,-0.007175
s30859_armB_both_lora_b5_r8_lr0.001_seed0,30859,B,both,lora,5,8,0.001,0,/workspace/deep-learning-project/src/training/runs/s30859_armB_both_lora_b5_r8_lr0.001_seed0,4.6817,11,16,8,0.24831,317,60.13,0.2538,0.25042,0.0033765,0.013304,-0.004448,0.012238,0.435,0.81386,317,7108,0.20442,0.1964,0.17347,0.18219,-0.0087226,-0.050284,-0.01641,-0.0014164,0.016,0.011733,45.775,158.84,ivrit-ai/whisper-large-v3,0.2306,0.34035,0.42905,2,0.26517,0.38427,0.35056,2,0.33739,0.49797,0.16464,571,0.36448,0.52819,0.10734,485,45.775,38.635,36.762,5.8511,31.691,0.10031,False,,,,,,5,True,0.02659,0.10477,0.22721,0.012485,0.041863,0,-0.0042206,-0.024331,0.17769,-0.023213,-0.091463,-0.004502
s30859_armB_both_lora_b80_r8_lr0.001_seed0,30859,B,both,lora,80,8,0.001,0,/workspace/deep-learning-project/src/training/runs/s30859_armB_both_lora_b80_r8_lr0.001_seed0,79.771,343,344,8,0.17717,317,60.13,0.2538,0.22805,0.025746,0.10144,0.01247,0.039563,0,1.6246e-05,317,7108,0.20442,0.19322,0.17347,0.17417,-0.00070343,-0.0040552,-0.011276,0.0098088,0.91,0.70495,231.86,277.7,ivrit-ai/whisper-large-v3,0.2306,0.34035,0.42905,2,0.25663,0.45589,0.28748,2,0.33739,0.49797,0.16464,571,0.33603,0.59693,0.067044,383,231.86,0.011391,0.022299,5.3839,40.26,0.10075,False,,,,,,1.6831,True,0.02659,0.10477,0.22721,0.012485,0.041863,0,-0.0042206,-0.024331,0.17769,-0.00084412,-0.0033259,0.0035172
s30859_armB_encoder_lora_b80_r8_lr0.001_seed0,30859,B,encoder,lora,80,8,0.001,0,/workspace/deep-learning-project/src/training/runs/s30859_armB_encoder_lora_b80_r8_lr0.001_seed0,79.771,343,344,8,0.18121,317,60.13,0.2538,0.22482,0.028981,0.11419,0.017147,0.042161,0,8.7841e-07,317,7108,0.20442,0.17664,0.17347,0.16629,0.007175,0.041363,-0.00066689,0.015654,0.079,0.17247,208.55,248.81,ivrit-ai/whisper-large-v3,0.2306,0.34035,0.42905,2,0.26596,0.40676,0.32728,2,0.33739,0.49797,0.16464,571,0.35956,0.54992,0.090525,416,208.55,0.012134,0.008873,5.6906,34.377,0.098868,False,,,,,,1.2184,True,0.029685,0.11696,0.22411,0.018896,0.042222,0,0.0066123,0.038118,0.16685,-0.00070343,-0.0027716,0.00056275
s30868_armB_both_lora_b20_r8_lr0.001_seed0,30868,B,both,lora,20,8,0.001,0,/workspace/deep-learning-project/src/training/runs/s30868_armB_both_lora_b20_r8_lr0.001_seed0,19.819,116,120,8,0.24824,202,47.144,0.22115,0.22928,-0.0081338,-0.03678,-0.061181,0.069243,0.724,0.008046,202,6516,0.14215,0.14923,0.16928,0.20488,-0.035605,-0.21034,-0.088818,0.040539,0.283,6.423e-10,107.9,146.11,ivrit-ai/whisper-large-v3,0.39764,0.12561,0.47675,1,0.45783,0.33333,0.20884,0,0.51949,0.1641,0.31641,338,0.51236,0.37303,0.11461,159,107.9,0.0099223,0.011833,5.5219,32.553,0.087045,False,,,,,,-5,False,0.035298,0.15961,0.18585,-0.0027088,0.10626,0.107,0.009515,0.05621,0.15976,-0.043432,-0.19639,-0.04512
s30868_armB_both_lora_b5_r8_lr0.001_seed0,30868,B,both,lora,5,8,0.001,0,/workspace/deep-learning-project/src/training/runs/s30868_armB_both_lora_b5_r8_lr0.001_seed0,4.906,21,24,8,0.27756,202,47.144,0.22115,0.21056,0.010589,0.047883,-0.028454,0.081945,0.789,0.028288,202,6516,0.14215,0.14686,0.16928,0.17833,-0.0090546,-0.05349,-0.046921,0.061381,0.606,5.6399e-07,53.958,180.62,ivrit-ai/whisper-large-v3,0.39764,0.12561,0.47675,1,0.44606,0.30175,0.25219,0,0.51949,0.1641,0.31641,338,0.52668,0.35628,0.11704,210,53.958,39.204,49.977,6.0335,31.273,0.086874,False,,,,,,4.942,True,0.035298,0.15961,0.18585,-0.0027088,0.10626,0.107,0.009515,0.05621,0.15976,-0.024708,-0.11173,-0.01857
s30868_armB_both_lora_b80_r8_lr0.001_seed0,30868,B,both,lora,80,8,0.001,0,/workspace/deep-learning-project/src/training/runs/s30868_armB_both_lora_b80_r8_lr0.001_seed0,79.958,391,392,8,0.21826,202,47.144,0.22115,0.17818,0.042971,0.19431,0.005052,0.11766,0.01,0.0083881,202,6516,0.14215,0.11336,0.16928,0.14641,0.022867,0.13509,-0.013696,0.094413,0.642,0.33492,263,295.68,ivrit-ai/whisper-large-v3,0.39764,0.12561,0.47675,1,0.46167,0.27821,0.26012,0,0.51949,0.1641,0.31641,338,0.56184,0.33857,0.099581,207,263,0.013009,0.0085344,5.526,26.95,0.090514,False,,,,,,1.375,True,0.035298,0.15961,0.18585,-0.0027088,0.10626,0.107,0.009515,0.05621,0.15976,0.0076734,0.034698,0.013352
s30868_armB_encoder_lora_b80_r8_lr0.001_seed0,30868,B,encoder,lora,80,8,0.001,0,/workspace/deep-learning-project/src/training/runs/s30868_armB_encoder_lora_b80_r8_lr0.001_seed0,79.958,391,392,8,0.22809,202,47.144,0.22115,0.18508,0.036065,0.16308,-0.0004739,0.10717,0.064,0.20277,202,6516,0.14215,0.11513,0.16928,0.1504,0.018877,0.11151,-0.016886,0.088195,0.717,0.090106,236.54,270.03,ivrit-ai/whisper-large-v3,0.39764,0.12561,0.47675,1,0.47015,0.2728,0.25705,0,0.51949,0.1641,0.31641,338,0.57857,0.33571,0.085714,226,236.54,0.015755,0.0087159,5.737,27.563,0.087986,False,,,,,,1.6043,True,0.031614,0.14296,0.18953,-0.0054741,0.10346,0.238,0.013505,0.079782,0.15577,0.0044506,0.020125,0.0053714
sctrl0of2_armB_both_lora_b80_r8_lr0.001_seed0__eval23558,23558,B,both,lora,80,8,0.001,0,/workspace/deep-learning-project/src/training/runs/sctrl0of2_armB_both_lora_b80_r8_lr0.001_seed0,79.861,382,384,8,0.22853,341,49.106,0.44203,0.32241,0.11962,0.27062,0.071994,0.20038,0,3.6801e-16,341,6253,0.33848,0.23869,0.29474,0.23285,0.06189,0.20998,0.018192,0.13999,0,5.9823e-05,249.78,,ivrit-ai/whisper-large-v3,0.29124,0.12988,0.57887,2,0.35317,0.2748,0.37202,0,0.43679,0.19479,0.36842,921,0.48901,0.38049,0.13049,560,,,,,,,True,0,2,"[30701, 30718, 30813, 30843, 30868]",0,36.128,1.1364,True,0.11962,0.27062,0.32241,0.071994,0.20038,0,0.06189,0.20998,0.23285,0,0,0
sctrl0of2_armB_both_lora_b80_r8_lr0.001_seed0__eval30685,30685,B,both,lora,80,8,0.001,0,/workspace/deep-learning-project/src/training/runs/sctrl0of2_armB_both_lora_b80_r8_lr0.001_seed0,79.861,382,384,8,0.22853,224,50.675,0.23299,0.20847,0.024525,0.10526,0.012012,0.038592,0,0.0002976,224,5953,0.16749,0.14653,0.10936,0.11944,-0.010079,-0.092166,-0.020005,-0.00081504,0.028,0.027208,249.78,,ivrit-ai/whisper-large-v3,0.29704,0.082192,0.62076,2,0.33924,0.16277,0.49799,2,0.63287,0.17512,0.19201,736,0.59212,0.28411,0.12377,530,,,,,,,True,0,2,"[30701, 30718, 30813, 30843, 30868]",0,28.573,1.6644,True,0.024525,0.10526,0.20847,0.012012,0.038592,0,-0.010079,-0.092166,0.11944,0,0,0
sctrl0of2_armB_both_lora_b80_r8_lr0.001_seed0__eval30752,30752,B,both,lora,80,8,0.001,0,/workspace/deep-learning-project/src/training/runs/sctrl0of2_armB_both_lora_b80_r8_lr0.001_seed0,79.861,382,384,8,0.22853,179,45.87,0.19556,0.17037,0.025185,0.12879,0.0094686,0.042231,0,0.01062,179,4050,0.13199,0.10955,0.13531,0.13309,0.0022222,0.016423,-0.0089761,0.014113,0.723,0.9854,249.78,,ivrit-ai/whisper-large-v3,0.35606,0.16919,0.47475,0,0.40435,0.28696,0.3087,0,0.5146,0.24453,0.24088,244,0.51763,0.36735,0.11503,151,,,,,,,True,0,2,"[30701, 30718, 30813, 30843, 30868]",0,18.192,1.598,True,0.025185,0.12879,0.17037,0.0094686,0.042231,0,0.0022222,0.016423,0.13309,0,0,0
sctrl0of2_armB_both_lora_b80_r8_lr0.001_seed0__eval30777,30777,B,both,lora,80,8,0.001,0,/workspace/deep-learning-project/src/training/runs/sctrl0of2_armB_both_lora_b80_r8_lr0.001_seed0,79.861,382,384,8,0.22853,268,62.649,0.22372,0.17347,0.050244,0.22459,0.019269,0.11432,0,2.2253e-07,268,8180,0.14,0.10991,0.15355,0.12677,0.026773,0.17436,-0.0043713,0.089176,0.27,0.85526,249.78,,ivrit-ai/whisper-large-v3,0.3847,0.10765,0.50765,1,0.44186,0.21635,0.34179,0,0.56051,0.15685,0.28264,574,0.60463,0.29605,0.099325,382,,,,,,,True,0,2,"[30701, 30718, 30813, 30843, 30868]",0,36.747,1.0803,True,0.050244,0.22459,0.17347,0.019269,0.11432,0,0.026773,0.17436,0.12677,0,0,0
sctrl0of2_armB_both_lora_b80_r8_lr0.001_seed0__eval30831,30831,B,both,lora,80,8,0.001,0,/workspace/deep-learning-project/src/training/runs/sctrl0of2_armB_both_lora_b80_r8_lr0.001_seed0,79.861,382,384,8,0.22853,223,45.065,0.27357,0.23255,0.041016,0.14993,0.02248,0.060406,0,1.3589e-05,223,5315,0.20139,0.16621,0.14525,0.15014,-0.0048918,-0.033679,-0.015851,0.0065,0.422,0.53018,249.78,,ivrit-ai/whisper-large-v3,0.31018,0.11623,0.57359,4,0.34304,0.23463,0.42233,2,0.5842,0.21891,0.19689,682,0.53133,0.36341,0.10526,438,,,,,,,True,0,2,"[30701, 30718, 30813, 30843, 30868]",0,31.339,1.4312,True,0.041016,0.14993,0.23255,0.02248,0.060406,0,-0.0048918,-0.033679,0.15014,0,0,0
sctrl0of2_armB_both_lora_b80_r8_lr0.001_seed0__eval30859,30859,B,both,lora,80,8,0.001,0,/workspace/deep-learning-project/src/training/runs/sctrl0of2_armB_both_lora_b80_r8_lr0.001_seed0,79.861,382,384,8,0.22853,317,60.13,0.2538,0.22721,0.02659,0.10477,0.012485,0.041863,0,1.4755e-05,317,7108,0.20442,0.18385,0.17347,0.17769,-0.0042206,-0.024331,-0.014528,0.0066502,0.446,0.59786,249.78,,ivrit-ai/whisper-large-v3,0.2306,0.34035,0.42905,2,0.25015,0.48111,0.26873,2,0.33739,0.49797,0.16464,571,0.31987,0.6152,0.064925,352,,,,,,,True,0,2,"[30701, 30718, 30813, 30843, 30868]",0,35.835,1.7989,True,0.02659,0.10477,0.22721,0.012485,0.041863,0,-0.0042206,-0.024331,0.17769,0,0,0
sctrl0of2_armB_encoder_lora_b80_r8_lr0.001_seed0__eval23558,23558,B,encoder,lora,80,8,0.001,0,/workspace/deep-learning-project/src/training/runs/sctrl0of2_armB_encoder_lora_b80_r8_lr0.001_seed0,79.861,382,384,8,0.23271,341,49.106,0.44203,0.31425,0.12778,0.28907,0.079473,0.21205,0,8.9094e-16,341,6253,0.33848,0.23391,0.29474,0.22853,0.066208,0.22463,0.021379,0.14677,0,2.037e-05,223.83,,ivrit-ai/whisper-large-v3,0.29124,0.12988,0.57887,2,0.37303,0.25191,0.37506,0,0.43679,0.19479,0.36842,921,0.51295,0.3464,0.14066,536,,,,,,,True,0,2,"[30701, 30718, 30813, 30843, 30868]",0,45.071,1.0801,True,0.12778,0.28907,0.31425,0.079473,0.21205,0,0.066208,0.22463,0.22853,0,0,0
sctrl0of2_armB_encoder_lora_b80_r8_lr0.001_seed0__eval30685,30685,B,encoder,lora,80,8,0.001,0,/workspace/deep-learning-project/src/training/runs/sctrl0of2_armB_encoder_lora_b80_r8_lr0.001_seed0,79.861,382,384,8,0.23271,224,50.675,0.23299,0.21804,0.01495,0.064167,0.0025344,0.027829,0.021,0.024217,224,5953,0.16749,0.15245,0.10936,0.12028,-0.010919,-0.099846,-0.020563,-0.0019458,0.02,0.020833,223.83,,ivrit-ai/whisper-large-v3,0.29704,0.082192,0.62076,2,0.34592,0.1302,0.52388,1,0.63287,0.17512,0.19201,736,0.62709,0.23603,0.13687,582,,,,,,,True,0,2,"[30701, 30718, 30813, 30843, 30868]",0,28.966,2.0337,True,0.01495,0.064167,0.21804,0.0025344,0.027829,0.021,-0.010919,-0.099846,0.12028,0,0,0
sctrl0of2_armB_encoder_lora_b80_r8_lr0.001_seed0__eval30752,30752,B,encoder,lora,80,8,0.001,0,/workspace/deep-learning-project/src/training/runs/sctrl0of2_armB_encoder_lora_b80_r8_lr0.001_seed0,79.861,382,384,8,0.23271,179,45.87,0.19556,0.17284,0.022716,0.11616,0.0086198,0.038899,0,0.019521,179,4050,0.13199,0.10825,0.13531,0.1316,0.0037037,0.027372,-0.006945,0.015124,0.547,0.90044,223.83,,ivrit-ai/whisper-large-v3,0.35606,0.16919,0.47475,0,0.41143,0.24714,0.34143,0,0.5146,0.24453,0.24088,244,0.54034,0.32458,0.13508,167,,,,,,,True,0,2,"[30701, 30718, 30813, 30843, 30868]",0,18.512,1.4891,True,0.022716,0.11616,0.17284,0.0086198,0.038899,0,0.0037037,0.027372,0.1316,0,0,0
sctrl0of2_armB_encoder_lora_b80_r8_lr0.001_seed0__eval30777,30777,B,encoder,lora,80,8,0.001,0,/workspace/deep-learning-project/src/training/runs/sctrl0of2_armB_encoder_lora_b80_r8_lr0.001_seed0,79.861,382,384,8,0.23271,268,62.649,0.22372,0.17531,0.048411,0.21639,0.016367,0.11347,0,2.9823e-08,268,8180,0.14,0.10892,0.15355,0.12518,0.028362,0.18471,-0.0031139,0.09207,0.164,0.093543,223.83,,ivrit-ai/whisper-large-v3,0.3847,0.10765,0.50765,1,0.4477,0.19317,0.35914,0,0.56051,0.15685,0.28264,574,0.62695,0.27051,0.10254,410,,,,,,,True,0,2,"[30701, 30718, 30813, 30843, 30868]",0,35.546,1.0455,True,0.048411,0.21639,0.17531,0.016367,0.11347,0,0.028362,0.18471,0.12518,0,0,0
sctrl0of2_armB_encoder_lora_b80_r8_lr0.001_seed0__eval30831,30831,B,encoder,lora,80,8,0.001,0,/workspace/deep-learning-project/src/training/runs/sctrl0of2_armB_encoder_lora_b80_r8_lr0.001_seed0,79.861,382,384,8,0.23271,223,45.065,0.27357,0.23631,0.037253,0.13618,0.020119,0.057085,0,0.00044713,223,5315,0.20139,0.16735,0.14525,0.14393,0.001317,0.0090674,-0.0085849,0.011969,0.808,0.64804,223.83,,ivrit-ai/whisper-large-v3,0.31018,0.11623,0.57359,4,0.35032,0.18631,0.46338,1,0.5842,0.21891,0.19689,682,0.57516,0.30588,0.11895,491,,,,,,,True,0,2,"[30701, 30718, 30813, 30843, 30868]",0,28.137,1.2727,True,0.037253,0.13618,0.23631,0.020119,0.057085,0,0.001317,0.0090674,0.14393,0,0,0
sctrl0of2_armB_encoder_lora_b80_r8_lr0.001_seed0__eval30859,30859,B,encoder,lora,80,8,0.001,0,/workspace/deep-learning-project/src/training/runs/sctrl0of2_armB_encoder_lora_b80_r8_lr0.001_seed0,79.861,382,384,8,0.23271,317,60.13,0.2538,0.22411,0.029685,0.11696,0.018896,0.042222,0,1.639e-07,317,7108,0.20442,0.1772,0.17347,0.16685,0.0066123,0.038118,-0.00061092,0.015101,0.09,0.24242,223.83,,ivrit-ai/whisper-large-v3,0.2306,0.34035,0.42905,2,0.26114,0.41871,0.32015,1,0.33739,0.49797,0.16464,571,0.35076,0.56239,0.086847,407,,,,,,,True,0,2,"[30701, 30718, 30813, 30843, 30868]",0,35.045,1.2512,True,0.029685,0.11696,0.22411,0.018896,0.042222,0,0.0066123,0.038118,0.16685,0,0,0
sctrl1of2_armB_both_lora_b80_r8_lr0.001_seed0__eval30701,30701,B,both,lora,80,8,0.001,0,/workspace/deep-learning-project/src/training/runs/sctrl1of2_armB_both_lora_b80_r8_lr0.001_seed0,79.76,363,368,8,0.2857,361,50.649,0.40586,0.27849,0.12737,0.31383,0.07284,0.21502,0,6.5966e-13,361,6485,0.29823,0.20442,0.26692,0.21465,0.052274,0.19584,0.0063222,0.13476,0.005,0.034058,247.23,,ivrit-ai/whisper-large-v3,0.28609,0.1269,0.58701,5,0.35825,0.33389,0.30786,0,0.43501,0.19295,0.37204,901,0.4648,0.43319,0.10201,414,,,,,,,True,1,2,"[23558, 30685, 30752, 30777, 30831, 30859]",0,42.866,1.1973,True,0.12737,0.31383,0.27849,0.07284,0.21502,0,0.052274,0.19584,0.21465,0,0,0
sctrl1of2_armB_both_lora_b80_r8_lr0.001_seed0__eval30718,30718,B,both,lora,80,8,0.001,0,/workspace/deep-learning-project/src/training/runs/sctrl1of2_armB_both_lora_b80_r8_lr0.001_seed0,79.76,363,368,8,0.2857,296,83.24,0.19949,0.16302,0.036469,0.18281,-8.755e-05,0.10168,0.051,0.059483,296,11023,0.12368,0.098904,0.14043,0.13182,0.0086183,0.06137,-0.025457,0.071671,0.763,0.0019657,247.23,,ivrit-ai/whisper-large-v3,0.34925,0.11505,0.5357,4,0.44129,0.32443,0.23428,0,0.49612,0.16344,0.34044,651,0.54577,0.40124,0.052994,344,,,,,,,True,1,2,"[23558, 30685, 30752, 30777, 30831, 30859]",0,40.559,1.8831,True,0.036469,0.18281,0.16302,-8.755e-05,0.10168,0.051,0.0086183,0.06137,0.13182,0,0,0
sctrl1of2_armB_both_lora_b80_r8_lr0.001_seed0__eval30813,30813,B,both,lora,80,8,0.001,0,/workspace/deep-learning-project/src/training/runs/sctrl1of2_armB_both_lora_b80_r8_lr0.001_seed0,79.76,363,368,8,0.2857,287,61.132,0.16066,0.19686,-0.036196,-0.2253,-0.1145,0.032341,0.301,1.4777e-05,287,6741,0.098084,0.13122,0.11942,0.1835,-0.064085,-0.53665,-0.14064,0.0034171,0.058,1.112e-16,247.23,,ivrit-ai/whisper-large-v3,0.41828,0.12188,0.45983,1,0.39111,0.37754,0.23135,2,0.56273,0.16398,0.27329,278,0.41956,0.40501,0.17542,90,,,,,,,True,1,2,"[23558, 30685, 30752, 30777, 30831, 30859]",0,41.564,-0.78279,False,-0.036196,-0.2253,0.19686,-0.1145,0.032341,0.301,-0.064085,-0.53665,0.1835,0,0,0
sctrl1of2_armB_both_lora_b80_r8_lr0.001_seed0__eval30843,30843,B,both,lora,80,8,0.001,0,/workspace/deep-learning-project/src/training/runs/sctrl1of2_armB_both_lora_b80_r8_lr0.001_seed0,79.76,363,368,8,0.2857,238,47.259,0.32314,0.29562,0.027523,0.085174,0.0052769,0.048642,0.018,0.00013472,238,4905,0.20827,0.18943,0.21019,0.23303,-0.022834,-0.10863,-0.043841,-0.0039379,0.015,0.10956,247.23,,ivrit-ai/whisper-large-v3,0.4265,0.078233,0.49527,1,0.45793,0.23172,0.31034,1,0.65567,0.12027,0.22405,554,0.58093,0.29396,0.12511,307,,,,,,,True,1,2,"[23558, 30685, 30752, 30777, 30831, 30859]",0,27.669,2.4815,True,0.027523,0.085174,0.29562,0.0052769,0.048642,0.018,-0.022834,-0.10863,0.23303,0,0,0
sctrl1of2_armB_both_lora_b80_r8_lr0.001_seed0__eval30868,30868,B,both,lora,80,8,0.001,0,/workspace/deep-learning-project/src/training/runs/sctrl1of2_armB_both_lora_b80_r8_lr0.001_seed0,79.76,363,368,8,0.2857,202,47.144,0.22115,0.18585,0.035298,0.15961,-0.0027088,0.10626,0.107,0.16357,202,6516,0.14215,0.11909,0.16928,0.15976,0.009515,0.05621,-0.027885,0.078711,0.786,0.006393,247.23,,ivrit-ai/whisper-large-v3,0.39764,0.12561,0.47675,1,0.45747,0.34847,0.19405,0,0.51949,0.1641,0.31641,338,0.53218,0.40538,0.06244,170,,,,,,,True,1,2,"[23558, 30685, 30752, 30777, 30831, 30859]",0,27.405,1.9652,True,0.035298,0.15961,0.18585,-0.0027088,0.10626,0.107,0.009515,0.05621,0.15976,0,0,0
sctrl1of2_armB_encoder_lora_b80_r8_lr0.001_seed0__eval30701,30701,B,encoder,lora,80,8,0.001,0,/workspace/deep-learning-project/src/training/runs/sctrl1of2_armB_encoder_lora_b80_r8_lr0.001_seed0,79.76,363,368,8,0.29236,361,50.649,0.40586,0.29884,0.10702,0.26368,0.044811,0.19656,0,1.0168e-09,361,6485,0.29823,0.23041,0.26692,0.23254,0.034387,0.12883,-0.022581,0.1221,0.337,0.14571,220.95,,ivrit-ai/whisper-large-v3,0.28609,0.1269,0.58701,5,0.37564,0.33488,0.28947,0,0.43501,0.19295,0.37204,901,0.48276,0.43037,0.08687,430,,,,,,,True,1,2,"[23558, 30685, 30752, 30777, 30831, 30859]",0,55.622,1.4179,True,0.10702,0.26368,0.29884,0.044811,0.19656,0,0.034387,0.12883,0.23254,0,0,0
sctrl1of2_armB_encoder_lora_b80_r8_lr0.001_seed0__eval30718,30718,B,encoder,lora,80,8,0.001,0,/workspace/deep-learning-project/src/training/runs/sctrl1of2_armB_encoder_lora_b80_r8_lr0.001_seed0,79.76,363,368,8,0.29236,296,83.24,0.19949,0.18117,0.018325,0.09186,0.0071501,0.030114,0.003,0.013852,296,11023,0.12368,0.10723,0.14043,0.14397,-0.0035381,-0.025194,-0.012429,0.0054886,0.436,0.17211,220.95,,ivrit-ai/whisper-large-v3,0.34925,0.11505,0.5357,4,0.39359,0.24036,0.36605,1,0.49612,0.16344,0.34044,651,0.49527,0.30246,0.20227,410,,,,,,,True,1,2,"[23558, 30685, 30752, 30777, 30831, 30859]",0,51.331,2.2129,True,0.018325,0.09186,0.18117,0.0071501,0.030114,0.003,-0.0035381,-0.025194,0.14397,0,0,0
sctrl1of2_armB_encoder_lora_b80_r8_lr0.001_seed0__eval30813,30813,B,encoder,lora,80,8,0.001,0,/workspace/deep-learning-project/src/training/runs/sctrl1of2_armB_encoder_lora_b80_r8_lr0.001_seed0,79.76,363,368,8,0.29236,287,61.132,0.16066,0.15873,0.0019285,0.012004,-0.027632,0.051646,0.989,0.00036378,287,6741,0.098084,0.093709,0.11942,0.14301,-0.023587,-0.19752,-0.052664,0.025428,0.293,2.2534e-13,220.95,,ivrit-ai/whisper-large-v3,0.41828,0.12188,0.45983,1,0.47944,0.3757,0.14486,0,0.56273,0.16398,0.27329,278,0.53216,0.41701,0.05083,106,,,,,,,True,1,2,"[23558, 30685, 30752, 30777, 30831, 30859]",0,38.342,5,True,0.0019285,0.012004,0.15873,-0.027632,0.051646,0.989,-0.023587,-0.19752,0.14301,0,0,0
sctrl1of2_armB_encoder_lora_b80_r8_lr0.001_seed0__eval30843,30843,B,encoder,lora,80,8,0.001,0,/workspace/deep-learning-project/src/training/runs/sctrl1of2_armB_encoder_lora_b80_r8_lr0.001_seed0,79.76,363,368,8,0.29236,238,47.259,0.32314,0.29093,0.032212,0.099685,0.017164,0.048484,0.001,0.00011061,238,4905,0.20827,0.18017,0.21019,0.22243,-0.012232,-0.058196,-0.025135,0.00021535,0.057,0.21083,220.95,,ivrit-ai/whisper-large-v3,0.4265,0.078233,0.49527,1,0.47512,0.1773,0.34758,2,0.65567,0.12027,0.22405,554,0.62145,0.2319,0.14665,336,,,,,,,True,1,2,"[23558, 30685, 30752, 30777, 30831, 30859]",0,30.446,1.8291,True,0.032212,0.099685,0.29093,0.017164,0.048484,0.001,-0.012232,-0.058196,0.22243,0,0,0
sctrl1of2_armB_encoder_lora_b80_r8_lr0.001_seed0__eval30868,30868,B,encoder,lora,80,8,0.001,0,/workspace/deep-learning-project/src/training/runs/sctrl1of2_armB_encoder_lora_b80_r8_lr0.001_seed0,79.76,363,368,8,0.29236,202,47.144,0.22115,0.18953,0.031614,0.14296,-0.0054741,0.10346,0.238,0.87417,202,6516,0.14215,0.12026,0.16928,0.15577,0.013505,0.079782,-0.022871,0.083915,0.745,0.0023143,220.95,,ivrit-ai/whisper-large-v3,0.39764,0.12561,0.47675,1,0.46964,0.28583,0.24453,0,0.51949,0.1641,0.31641,338,0.57143,0.34778,0.080788,220,,,,,,,True,1,2,"[23558, 30685, 30752, 30777, 30831, 30859]",0,29.81,1.8689,True,0.031614,0.14296,0.18953,-0.0054741,0.10346,0.238,0.013505,0.079782,0.15577,0,0,0
